DHB,Age,Ethnicity,Method,Population
Auckland Metro,20-24,Asian,HSU,26285
Auckland Metro,20-24,Asian,StatsNZ,40930
Auckland Metro,20-24,European or Other,HSU,48529
Auckland Metro,20-24,European or Other,StatsNZ,44490
Auckland Metro,20-24,Maori,HSU,15974
Auckland Metro,20-24,Maori,StatsNZ,18720
Auckland Metro,20-24,Pacific Peoples,HSU,23371
Auckland Metro,20-24,Pacific Peoples,StatsNZ,22500
Auckland Metro,25-29,Asian,HSU,43435
Auckland Metro,25-29,Asian,StatsNZ,57490
Auckland Metro,25-29,European or Other,HSU,56797
Auckland Metro,25-29,European or Other,StatsNZ,53860
Auckland Metro,25-29,Maori,HSU,15396
Auckland Metro,25-29,Maori,StatsNZ,17960
Auckland Metro,25-29,Pacific Peoples,HSU,22124
Auckland Metro,25-29,Pacific Peoples,StatsNZ,20820
Auckland Metro,30-34,Asian,HSU,52106
Auckland Metro,30-34,Asian,StatsNZ,60710
Auckland Metro,30-34,European or Other,HSU,55928
Auckland Metro,30-34,European or Other,StatsNZ,53220
Auckland Metro,30-34,Maori,HSU,12593
Auckland Metro,30-34,Maori,StatsNZ,14710
Auckland Metro,30-34,Pacific Peoples,HSU,18283
Auckland Metro,30-34,Pacific Peoples,StatsNZ,16980
Auckland Metro,35-39,Asian,HSU,49367
Auckland Metro,35-39,Asian,StatsNZ,54820
Auckland Metro,35-39,European or Other,HSU,52548
Auckland Metro,35-39,European or Other,StatsNZ,50230
Auckland Metro,35-39,Maori,HSU,9808
Auckland Metro,35-39,Maori,StatsNZ,11210
Auckland Metro,35-39,Pacific Peoples,HSU,16112
Auckland Metro,35-39,Pacific Peoples,StatsNZ,13800
Auckland Metro,40-44,Asian,HSU,34079
Auckland Metro,40-44,Asian,StatsNZ,38950
Auckland Metro,40-44,European or Other,HSU,52014
Auckland Metro,40-44,European or Other,StatsNZ,49970
Auckland Metro,40-44,Maori,HSU,9334
Auckland Metro,40-44,Maori,StatsNZ,10710
Auckland Metro,40-44,Pacific Peoples,HSU,14984
Auckland Metro,40-44,Pacific Peoples,StatsNZ,13290
Auckland Metro,45-49,Asian,HSU,27402
Auckland Metro,45-49,Asian,StatsNZ,31320
Auckland Metro,45-49,European or Other,HSU,60002
Auckland Metro,45-49,European or Other,StatsNZ,57690
Auckland Metro,45-49,Maori,HSU,10177
Auckland Metro,45-49,Maori,StatsNZ,11260
Auckland Metro,45-49,Pacific Peoples,HSU,14389
Auckland Metro,45-49,Pacific Peoples,StatsNZ,13300
Auckland Metro,50-54,Asian,HSU,24026
Auckland Metro,50-54,Asian,StatsNZ,27360
Auckland Metro,50-54,European or Other,HSU,59535
Auckland Metro,50-54,European or Other,StatsNZ,59630
Auckland Metro,50-54,Maori,HSU,9347
Auckland Metro,50-54,Maori,StatsNZ,10790
Auckland Metro,50-54,Pacific Peoples,HSU,14376
Auckland Metro,50-54,Pacific Peoples,StatsNZ,13350
Auckland Metro,55-59,Asian,HSU,22937
Auckland Metro,55-59,Asian,StatsNZ,25760
Auckland Metro,55-59,European or Other,HSU,58137
Auckland Metro,55-59,European or Other,StatsNZ,57850
Auckland Metro,55-59,Maori,HSU,8453
Auckland Metro,55-59,Maori,StatsNZ,9650
Auckland Metro,55-59,Pacific Peoples,HSU,12286
Auckland Metro,55-59,Pacific Peoples,StatsNZ,11510
Auckland Metro,60-64,Asian,HSU,21174
Auckland Metro,60-64,Asian,StatsNZ,21840
Auckland Metro,60-64,European or Other,HSU,50250
Auckland Metro,60-64,European or Other,StatsNZ,50830
Auckland Metro,60-64,Maori,HSU,6043
Auckland Metro,60-64,Maori,StatsNZ,7190
Auckland Metro,60-64,Pacific Peoples,HSU,9538
Auckland Metro,60-64,Pacific Peoples,StatsNZ,8450
Auckland Metro,65-69,Asian,HSU,17927
Auckland Metro,65-69,Asian,StatsNZ,17950
Auckland Metro,65-69,European or Other,HSU,42143
Auckland Metro,65-69,European or Other,StatsNZ,42040
Auckland Metro,65-69,Maori,HSU,4069
Auckland Metro,65-69,Maori,StatsNZ,4910
Auckland Metro,65-69,Pacific Peoples,HSU,7251
Auckland Metro,65-69,Pacific Peoples,StatsNZ,6300
Auckland Metro,70-74,Asian,HSU,11323
Auckland Metro,70-74,Asian,StatsNZ,11610
Auckland Metro,70-74,European or Other,HSU,38726
Auckland Metro,70-74,European or Other,StatsNZ,38280
Auckland Metro,70-74,Maori,HSU,2489
Auckland Metro,70-74,Maori,StatsNZ,3110
Auckland Metro,70-74,Pacific Peoples,HSU,5145
Auckland Metro,70-74,Pacific Peoples,StatsNZ,4410
Auckland Metro,75-79,Asian,HSU,6661
Auckland Metro,75-79,Asian,StatsNZ,6790
Auckland Metro,75-79,European or Other,HSU,28444
Auckland Metro,75-79,European or Other,StatsNZ,28420
Auckland Metro,75-79,Maori,HSU,1382
Auckland Metro,75-79,Maori,StatsNZ,1780
Auckland Metro,75-79,Pacific Peoples,HSU,3201
Auckland Metro,75-79,Pacific Peoples,StatsNZ,2740
Auckland Metro,80-84,Asian,HSU,4557
Auckland Metro,80-84,Asian,StatsNZ,4610
Auckland Metro,80-84,European or Other,HSU,19289
Auckland Metro,80-84,European or Other,StatsNZ,19820
Auckland Metro,80-84,Maori,HSU,838
Auckland Metro,80-84,Maori,StatsNZ,1080
Auckland Metro,80-84,Pacific Peoples,HSU,1802
Auckland Metro,80-84,Pacific Peoples,StatsNZ,1600
Auckland Metro,85-89,Asian,HSU,2029
Auckland Metro,85-89,Asian,StatsNZ,2040
Auckland Metro,85-89,European or Other,HSU,11534
Auckland Metro,85-89,European or Other,StatsNZ,11680
Auckland Metro,85-89,Maori,HSU,303
Auckland Metro,85-89,Maori,StatsNZ,430
Auckland Metro,85-89,Pacific Peoples,HSU,835
Auckland Metro,85-89,Pacific Peoples,StatsNZ,720
Auckland Metro,90+,Asian,HSU,704
Auckland Metro,90+,Asian,StatsNZ,830
Auckland Metro,90+,European or Other,HSU,7728
Auckland Metro,90+,European or Other,StatsNZ,8170
Auckland Metro,90+,Maori,HSU,96
Auckland Metro,90+,Maori,StatsNZ,170
Auckland Metro,90+,Pacific Peoples,HSU,334
Auckland Metro,90+,Pacific Peoples,StatsNZ,310
Bay of Plenty,20-24,Asian,HSU,899
Bay of Plenty,20-24,Asian,StatsNZ,1290
Bay of Plenty,20-24,European or Other,HSU,7310
Bay of Plenty,20-24,European or Other,StatsNZ,6010
Bay of Plenty,20-24,Maori,HSU,4825
Bay of Plenty,20-24,Maori,StatsNZ,4990
Bay of Plenty,20-24,Pacific Peoples,HSU,372
Bay of Plenty,20-24,Pacific Peoples,StatsNZ,390
Bay of Plenty,25-29,Asian,HSU,2031
Bay of Plenty,25-29,Asian,StatsNZ,2430
Bay of Plenty,25-29,European or Other,HSU,8574
Bay of Plenty,25-29,European or Other,StatsNZ,8360
Bay of Plenty,25-29,Maori,HSU,4583
Bay of Plenty,25-29,Maori,StatsNZ,4690
Bay of Plenty,25-29,Pacific Peoples,HSU,384
Bay of Plenty,25-29,Pacific Peoples,StatsNZ,380
Bay of Plenty,30-34,Asian,HSU,2143
Bay of Plenty,30-34,Asian,StatsNZ,2100
Bay of Plenty,30-34,European or Other,HSU,9537
Bay of Plenty,30-34,European or Other,StatsNZ,9750
Bay of Plenty,30-34,Maori,HSU,4010
Bay of Plenty,30-34,Maori,StatsNZ,4410
Bay of Plenty,30-34,Pacific Peoples,HSU,402
Bay of Plenty,30-34,Pacific Peoples,StatsNZ,360
Bay of Plenty,35-39,Asian,HSU,1658
Bay of Plenty,35-39,Asian,StatsNZ,1720
Bay of Plenty,35-39,European or Other,HSU,9394
Bay of Plenty,35-39,European or Other,StatsNZ,9770
Bay of Plenty,35-39,Maori,HSU,3590
Bay of Plenty,35-39,Maori,StatsNZ,3940
Bay of Plenty,35-39,Pacific Peoples,HSU,358
Bay of Plenty,35-39,Pacific Peoples,StatsNZ,300
Bay of Plenty,40-44,Asian,HSU,1282
Bay of Plenty,40-44,Asian,StatsNZ,1330
Bay of Plenty,40-44,European or Other,HSU,9456
Bay of Plenty,40-44,European or Other,StatsNZ,9750
Bay of Plenty,40-44,Maori,HSU,3473
Bay of Plenty,40-44,Maori,StatsNZ,3720
Bay of Plenty,40-44,Pacific Peoples,HSU,355
Bay of Plenty,40-44,Pacific Peoples,StatsNZ,330
Bay of Plenty,45-49,Asian,HSU,963
Bay of Plenty,45-49,Asian,StatsNZ,1130
Bay of Plenty,45-49,European or Other,HSU,11478
Bay of Plenty,45-49,European or Other,StatsNZ,11710
Bay of Plenty,45-49,Maori,HSU,3534
Bay of Plenty,45-49,Maori,StatsNZ,3810
Bay of Plenty,45-49,Pacific Peoples,HSU,264
Bay of Plenty,45-49,Pacific Peoples,StatsNZ,300
Bay of Plenty,50-54,Asian,HSU,717
Bay of Plenty,50-54,Asian,StatsNZ,810
Bay of Plenty,50-54,European or Other,HSU,11894
Bay of Plenty,50-54,European or Other,StatsNZ,12370
Bay of Plenty,50-54,Maori,HSU,3310
Bay of Plenty,50-54,Maori,StatsNZ,3630
Bay of Plenty,50-54,Pacific Peoples,HSU,262
Bay of Plenty,50-54,Pacific Peoples,StatsNZ,270
Bay of Plenty,55-59,Asian,HSU,568
Bay of Plenty,55-59,Asian,StatsNZ,680
Bay of Plenty,55-59,European or Other,HSU,12684
Bay of Plenty,55-59,European or Other,StatsNZ,12970
Bay of Plenty,55-59,Maori,HSU,3315
Bay of Plenty,55-59,Maori,StatsNZ,3540
Bay of Plenty,55-59,Pacific Peoples,HSU,182
Bay of Plenty,55-59,Pacific Peoples,StatsNZ,190
Bay of Plenty,60-64,Asian,HSU,519
Bay of Plenty,60-64,Asian,StatsNZ,530
Bay of Plenty,60-64,European or Other,HSU,12521
Bay of Plenty,60-64,European or Other,StatsNZ,12960
Bay of Plenty,60-64,Maori,HSU,2686
Bay of Plenty,60-64,Maori,StatsNZ,2950
Bay of Plenty,60-64,Pacific Peoples,HSU,146
Bay of Plenty,60-64,Pacific Peoples,StatsNZ,150
Bay of Plenty,65-69,Asian,HSU,441
Bay of Plenty,65-69,Asian,StatsNZ,450
Bay of Plenty,65-69,European or Other,HSU,12282
Bay of Plenty,65-69,European or Other,StatsNZ,12680
Bay of Plenty,65-69,Maori,HSU,2024
Bay of Plenty,65-69,Maori,StatsNZ,2260
Bay of Plenty,65-69,Pacific Peoples,HSU,112
Bay of Plenty,65-69,Pacific Peoples,StatsNZ,120
Bay of Plenty,70-74,Asian,HSU,289
Bay of Plenty,70-74,Asian,StatsNZ,350
Bay of Plenty,70-74,European or Other,HSU,11928
Bay of Plenty,70-74,European or Other,StatsNZ,12430
Bay of Plenty,70-74,Maori,HSU,1363
Bay of Plenty,70-74,Maori,StatsNZ,1550
Bay of Plenty,70-74,Pacific Peoples,HSU,81
Bay of Plenty,70-74,Pacific Peoples,StatsNZ,90
Bay of Plenty,75-79,Asian,HSU,136
Bay of Plenty,75-79,Asian,StatsNZ,170
Bay of Plenty,75-79,European or Other,HSU,9010
Bay of Plenty,75-79,European or Other,StatsNZ,9300
Bay of Plenty,75-79,Maori,HSU,777
Bay of Plenty,75-79,Maori,StatsNZ,890
Bay of Plenty,75-79,Pacific Peoples,HSU,58
Bay of Plenty,75-79,Pacific Peoples,StatsNZ,60
Bay of Plenty,80-84,Asian,HSU,87
Bay of Plenty,80-84,Asian,StatsNZ,110
Bay of Plenty,80-84,European or Other,HSU,6076
Bay of Plenty,80-84,European or Other,StatsNZ,6430
Bay of Plenty,80-84,Maori,HSU,458
Bay of Plenty,80-84,Maori,StatsNZ,490
Bay of Plenty,80-84,Pacific Peoples,HSU,24
Bay of Plenty,80-84,Pacific Peoples,StatsNZ,40
Bay of Plenty,85-89,Asian,HSU,23
Bay of Plenty,85-89,Asian,StatsNZ,30
Bay of Plenty,85-89,European or Other,HSU,3457
Bay of Plenty,85-89,European or Other,StatsNZ,3610
Bay of Plenty,85-89,Maori,HSU,198
Bay of Plenty,85-89,Maori,StatsNZ,250
Bay of Plenty,90+,European or Other,HSU,2026
Bay of Plenty,90+,European or Other,StatsNZ,2120
Bay of Plenty,90+,Maori,HSU,68
Bay of Plenty,90+,Maori,StatsNZ,90
Canterbury,20-24,Asian,HSU,3609
Canterbury,20-24,Asian,StatsNZ,6290
Canterbury,20-24,European or Other,HSU,27011
Canterbury,20-24,European or Other,StatsNZ,26230
Canterbury,20-24,Maori,HSU,4592
Canterbury,20-24,Maori,StatsNZ,5160
Canterbury,20-24,Pacific Peoples,HSU,1505
Canterbury,20-24,Pacific Peoples,StatsNZ,1570
Canterbury,25-29,Asian,HSU,6305
Canterbury,25-29,Asian,StatsNZ,9590
Canterbury,25-29,European or Other,HSU,28457
Canterbury,25-29,European or Other,StatsNZ,27680
Canterbury,25-29,Maori,HSU,4247
Canterbury,25-29,Maori,StatsNZ,5040
Canterbury,25-29,Pacific Peoples,HSU,1496
Canterbury,25-29,Pacific Peoples,StatsNZ,1560
Canterbury,30-34,Asian,HSU,7965
Canterbury,30-34,Asian,StatsNZ,10000
Canterbury,30-34,European or Other,HSU,28023
Canterbury,30-34,European or Other,StatsNZ,28570
Canterbury,30-34,Maori,HSU,3626
Canterbury,30-34,Maori,StatsNZ,4310
Canterbury,30-34,Pacific Peoples,HSU,1480
Canterbury,30-34,Pacific Peoples,StatsNZ,1420
Canterbury,35-39,Asian,HSU,7750
Canterbury,35-39,Asian,StatsNZ,9270
Canterbury,35-39,European or Other,HSU,25110
Canterbury,35-39,European or Other,StatsNZ,25740
Canterbury,35-39,Maori,HSU,2715
Canterbury,35-39,Maori,StatsNZ,3290
Canterbury,35-39,Pacific Peoples,HSU,1153
Canterbury,35-39,Pacific Peoples,StatsNZ,1160
Canterbury,40-44,Asian,HSU,5503
Canterbury,40-44,Asian,StatsNZ,6800
Canterbury,40-44,European or Other,HSU,25210
Canterbury,40-44,European or Other,StatsNZ,25310
Canterbury,40-44,Maori,HSU,2641
Canterbury,40-44,Maori,StatsNZ,3130
Canterbury,40-44,Pacific Peoples,HSU,1026
Canterbury,40-44,Pacific Peoples,StatsNZ,1050
Canterbury,45-49,Asian,HSU,3983
Canterbury,45-49,Asian,StatsNZ,5020
Canterbury,45-49,European or Other,HSU,29952
Canterbury,45-49,European or Other,StatsNZ,29940
Canterbury,45-49,Maori,HSU,2649
Canterbury,45-49,Maori,StatsNZ,3150
Canterbury,45-49,Pacific Peoples,HSU,929
Canterbury,45-49,Pacific Peoples,StatsNZ,970
Canterbury,50-54,Asian,HSU,2846
Canterbury,50-54,Asian,StatsNZ,3850
Canterbury,50-54,European or Other,HSU,30986
Canterbury,50-54,European or Other,StatsNZ,31440
Canterbury,50-54,Maori,HSU,2676
Canterbury,50-54,Maori,StatsNZ,3170
Canterbury,50-54,Pacific Peoples,HSU,723
Canterbury,50-54,Pacific Peoples,StatsNZ,770
Canterbury,55-59,Asian,HSU,2247
Canterbury,55-59,Asian,StatsNZ,2930
Canterbury,55-59,European or Other,HSU,31525
Canterbury,55-59,European or Other,StatsNZ,31520
Canterbury,55-59,Maori,HSU,2188
Canterbury,55-59,Maori,StatsNZ,2500
Canterbury,55-59,Pacific Peoples,HSU,677
Canterbury,55-59,Pacific Peoples,StatsNZ,720
Canterbury,60-64,Asian,HSU,2146
Canterbury,60-64,Asian,StatsNZ,2480
Canterbury,60-64,European or Other,HSU,28673
Canterbury,60-64,European or Other,StatsNZ,28790
Canterbury,60-64,Maori,HSU,1681
Canterbury,60-64,Maori,StatsNZ,1990
Canterbury,60-64,Pacific Peoples,HSU,520
Canterbury,60-64,Pacific Peoples,StatsNZ,520
Canterbury,65-69,Asian,HSU,1830
Canterbury,65-69,Asian,StatsNZ,1980
Canterbury,65-69,European or Other,HSU,24738
Canterbury,65-69,European or Other,StatsNZ,24640
Canterbury,65-69,Maori,HSU,1147
Canterbury,65-69,Maori,StatsNZ,1320
Canterbury,65-69,Pacific Peoples,HSU,375
Canterbury,65-69,Pacific Peoples,StatsNZ,380
Canterbury,70-74,Asian,HSU,992
Canterbury,70-74,Asian,StatsNZ,1120
Canterbury,70-74,European or Other,HSU,22396
Canterbury,70-74,European or Other,StatsNZ,22290
Canterbury,70-74,Maori,HSU,751
Canterbury,70-74,Maori,StatsNZ,920
Canterbury,70-74,Pacific Peoples,HSU,227
Canterbury,70-74,Pacific Peoples,StatsNZ,240
Canterbury,75-79,Asian,HSU,528
Canterbury,75-79,Asian,StatsNZ,570
Canterbury,75-79,European or Other,HSU,15522
Canterbury,75-79,European or Other,StatsNZ,15530
Canterbury,75-79,Maori,HSU,446
Canterbury,75-79,Maori,StatsNZ,520
Canterbury,75-79,Pacific Peoples,HSU,146
Canterbury,75-79,Pacific Peoples,StatsNZ,130
Canterbury,80-84,Asian,HSU,338
Canterbury,80-84,Asian,StatsNZ,390
Canterbury,80-84,European or Other,HSU,10668
Canterbury,80-84,European or Other,StatsNZ,10860
Canterbury,80-84,Maori,HSU,197
Canterbury,80-84,Maori,StatsNZ,270
Canterbury,80-84,Pacific Peoples,HSU,81
Canterbury,80-84,Pacific Peoples,StatsNZ,80
Canterbury,85-89,Asian,HSU,143
Canterbury,85-89,Asian,StatsNZ,170
Canterbury,85-89,European or Other,HSU,6504
Canterbury,85-89,European or Other,StatsNZ,6430
Canterbury,85-89,Maori,HSU,84
Canterbury,85-89,Maori,StatsNZ,130
Canterbury,85-89,Pacific Peoples,HSU,24
Canterbury,85-89,Pacific Peoples,StatsNZ,30
Canterbury,90+,Asian,HSU,63
Canterbury,90+,Asian,StatsNZ,80
Canterbury,90+,European or Other,HSU,3974
Canterbury,90+,European or Other,StatsNZ,4050
Canterbury,90+,Maori,HSU,34
Canterbury,90+,Maori,StatsNZ,60
Canterbury,90+,Pacific Peoples,HSU,8
Canterbury,90+,Pacific Peoples,StatsNZ,20
Capital & Coast and Hutt Valley,20-24,Asian,HSU,3607
Capital & Coast and Hutt Valley,20-24,Asian,StatsNZ,5600
Capital & Coast and Hutt Valley,20-24,European or Other,HSU,21173
Capital & Coast and Hutt Valley,20-24,European or Other,StatsNZ,21980
Capital & Coast and Hutt Valley,20-24,Maori,HSU,5866
Capital & Coast and Hutt Valley,20-24,Maori,StatsNZ,6560
Capital & Coast and Hutt Valley,20-24,Pacific Peoples,HSU,3216
Capital & Coast and Hutt Valley,20-24,Pacific Peoples,StatsNZ,3250
Capital & Coast and Hutt Valley,25-29,Asian,HSU,6025
Capital & Coast and Hutt Valley,25-29,Asian,StatsNZ,7760
Capital & Coast and Hutt Valley,25-29,European or Other,HSU,23085
Capital & Coast and Hutt Valley,25-29,European or Other,StatsNZ,21770
Capital & Coast and Hutt Valley,25-29,Maori,HSU,5315
Capital & Coast and Hutt Valley,25-29,Maori,StatsNZ,6090
Capital & Coast and Hutt Valley,25-29,Pacific Peoples,HSU,2930
Capital & Coast and Hutt Valley,25-29,Pacific Peoples,StatsNZ,2940
Capital & Coast and Hutt Valley,30-34,Asian,HSU,7520
Capital & Coast and Hutt Valley,30-34,Asian,StatsNZ,8260
Capital & Coast and Hutt Valley,30-34,European or Other,HSU,21476
Capital & Coast and Hutt Valley,30-34,European or Other,StatsNZ,21190
Capital & Coast and Hutt Valley,30-34,Maori,HSU,4346
Capital & Coast and Hutt Valley,30-34,Maori,StatsNZ,5140
Capital & Coast and Hutt Valley,30-34,Pacific Peoples,HSU,2690
Capital & Coast and Hutt Valley,30-34,Pacific Peoples,StatsNZ,2580
Capital & Coast and Hutt Valley,35-39,Asian,HSU,7233
Capital & Coast and Hutt Valley,35-39,Asian,StatsNZ,7910
Capital & Coast and Hutt Valley,35-39,European or Other,HSU,19964
Capital & Coast and Hutt Valley,35-39,European or Other,StatsNZ,19890
Capital & Coast and Hutt Valley,35-39,Maori,HSU,3434
Capital & Coast and Hutt Valley,35-39,Maori,StatsNZ,3860
Capital & Coast and Hutt Valley,35-39,Pacific Peoples,HSU,2332
Capital & Coast and Hutt Valley,35-39,Pacific Peoples,StatsNZ,2230
Capital & Coast and Hutt Valley,40-44,Asian,HSU,4957
Capital & Coast and Hutt Valley,40-44,Asian,StatsNZ,5630
Capital & Coast and Hutt Valley,40-44,European or Other,HSU,20090
Capital & Coast and Hutt Valley,40-44,European or Other,StatsNZ,20050
Capital & Coast and Hutt Valley,40-44,Maori,HSU,3407
Capital & Coast and Hutt Valley,40-44,Maori,StatsNZ,3880
Capital & Coast and Hutt Valley,40-44,Pacific Peoples,HSU,2304
Capital & Coast and Hutt Valley,40-44,Pacific Peoples,StatsNZ,2210
Capital & Coast and Hutt Valley,45-49,Asian,HSU,3983
Capital & Coast and Hutt Valley,45-49,Asian,StatsNZ,4520
Capital & Coast and Hutt Valley,45-49,European or Other,HSU,22567
Capital & Coast and Hutt Valley,45-49,European or Other,StatsNZ,22420
Capital & Coast and Hutt Valley,45-49,Maori,HSU,3539
Capital & Coast and Hutt Valley,45-49,Maori,StatsNZ,3900
Capital & Coast and Hutt Valley,45-49,Pacific Peoples,HSU,2269
Capital & Coast and Hutt Valley,45-49,Pacific Peoples,StatsNZ,2270
Capital & Coast and Hutt Valley,50-54,Asian,HSU,3253
Capital & Coast and Hutt Valley,50-54,Asian,StatsNZ,3810
Capital & Coast and Hutt Valley,50-54,European or Other,HSU,22104
Capital & Coast and Hutt Valley,50-54,European or Other,StatsNZ,22530
Capital & Coast and Hutt Valley,50-54,Maori,HSU,3235
Capital & Coast and Hutt Valley,50-54,Maori,StatsNZ,3600
Capital & Coast and Hutt Valley,50-54,Pacific Peoples,HSU,2153
Capital & Coast and Hutt Valley,50-54,Pacific Peoples,StatsNZ,2210
Capital & Coast and Hutt Valley,55-59,Asian,HSU,3039
Capital & Coast and Hutt Valley,55-59,Asian,StatsNZ,3510
Capital & Coast and Hutt Valley,55-59,European or Other,HSU,21497
Capital & Coast and Hutt Valley,55-59,European or Other,StatsNZ,21840
Capital & Coast and Hutt Valley,55-59,Maori,HSU,2886
Capital & Coast and Hutt Valley,55-59,Maori,StatsNZ,3200
Capital & Coast and Hutt Valley,55-59,Pacific Peoples,HSU,1818
Capital & Coast and Hutt Valley,55-59,Pacific Peoples,StatsNZ,1820
Capital & Coast and Hutt Valley,60-64,Asian,HSU,2567
Capital & Coast and Hutt Valley,60-64,Asian,StatsNZ,2810
Capital & Coast and Hutt Valley,60-64,European or Other,HSU,18598
Capital & Coast and Hutt Valley,60-64,European or Other,StatsNZ,19400
Capital & Coast and Hutt Valley,60-64,Maori,HSU,2181
Capital & Coast and Hutt Valley,60-64,Maori,StatsNZ,2470
Capital & Coast and Hutt Valley,60-64,Pacific Peoples,HSU,1440
Capital & Coast and Hutt Valley,60-64,Pacific Peoples,StatsNZ,1390
Capital & Coast and Hutt Valley,65-69,Asian,HSU,2279
Capital & Coast and Hutt Valley,65-69,Asian,StatsNZ,2360
Capital & Coast and Hutt Valley,65-69,European or Other,HSU,15091
Capital & Coast and Hutt Valley,65-69,European or Other,StatsNZ,15940
Capital & Coast and Hutt Valley,65-69,Maori,HSU,1486
Capital & Coast and Hutt Valley,65-69,Maori,StatsNZ,1640
Capital & Coast and Hutt Valley,65-69,Pacific Peoples,HSU,1168
Capital & Coast and Hutt Valley,65-69,Pacific Peoples,StatsNZ,1150
Capital & Coast and Hutt Valley,70-74,Asian,HSU,1535
Capital & Coast and Hutt Valley,70-74,Asian,StatsNZ,1660
Capital & Coast and Hutt Valley,70-74,European or Other,HSU,13809
Capital & Coast and Hutt Valley,70-74,European or Other,StatsNZ,14340
Capital & Coast and Hutt Valley,70-74,Maori,HSU,882
Capital & Coast and Hutt Valley,70-74,Maori,StatsNZ,1010
Capital & Coast and Hutt Valley,70-74,Pacific Peoples,HSU,889
Capital & Coast and Hutt Valley,70-74,Pacific Peoples,StatsNZ,850
Capital & Coast and Hutt Valley,75-79,Asian,HSU,875
Capital & Coast and Hutt Valley,75-79,Asian,StatsNZ,980
Capital & Coast and Hutt Valley,75-79,European or Other,HSU,9985
Capital & Coast and Hutt Valley,75-79,European or Other,StatsNZ,10340
Capital & Coast and Hutt Valley,75-79,Maori,HSU,547
Capital & Coast and Hutt Valley,75-79,Maori,StatsNZ,590
Capital & Coast and Hutt Valley,75-79,Pacific Peoples,HSU,570
Capital & Coast and Hutt Valley,75-79,Pacific Peoples,StatsNZ,530
Capital & Coast and Hutt Valley,80-84,Asian,HSU,614
Capital & Coast and Hutt Valley,80-84,Asian,StatsNZ,670
Capital & Coast and Hutt Valley,80-84,European or Other,HSU,6812
Capital & Coast and Hutt Valley,80-84,European or Other,StatsNZ,7310
Capital & Coast and Hutt Valley,80-84,Maori,HSU,291
Capital & Coast and Hutt Valley,80-84,Maori,StatsNZ,290
Capital & Coast and Hutt Valley,80-84,Pacific Peoples,HSU,286
Capital & Coast and Hutt Valley,80-84,Pacific Peoples,StatsNZ,280
Capital & Coast and Hutt Valley,85-89,Asian,HSU,320
Capital & Coast and Hutt Valley,85-89,Asian,StatsNZ,320
Capital & Coast and Hutt Valley,85-89,European or Other,HSU,4281
Capital & Coast and Hutt Valley,85-89,European or Other,StatsNZ,4470
Capital & Coast and Hutt Valley,85-89,Maori,HSU,97
Capital & Coast and Hutt Valley,85-89,Maori,StatsNZ,140
Capital & Coast and Hutt Valley,85-89,Pacific Peoples,HSU,134
Capital & Coast and Hutt Valley,85-89,Pacific Peoples,StatsNZ,110
Capital & Coast and Hutt Valley,90+,Asian,HSU,120
Capital & Coast and Hutt Valley,90+,Asian,StatsNZ,120
Capital & Coast and Hutt Valley,90+,European or Other,HSU,2515
Capital & Coast and Hutt Valley,90+,European or Other,StatsNZ,2670
Capital & Coast and Hutt Valley,90+,Maori,HSU,35
Capital & Coast and Hutt Valley,90+,Maori,StatsNZ,50
Capital & Coast and Hutt Valley,90+,Pacific Peoples,HSU,37
Capital & Coast and Hutt Valley,90+,Pacific Peoples,StatsNZ,40
Hawkes Bay,20-24,Asian,HSU,380
Hawkes Bay,20-24,Asian,StatsNZ,580
Hawkes Bay,20-24,European or Other,HSU,4932
Hawkes Bay,20-24,European or Other,StatsNZ,4290
Hawkes Bay,20-24,Maori,HSU,3612
Hawkes Bay,20-24,Maori,StatsNZ,3830
Hawkes Bay,20-24,Pacific Peoples,HSU,620
Hawkes Bay,20-24,Pacific Peoples,StatsNZ,640
Hawkes Bay,25-29,Asian,HSU,898
Hawkes Bay,25-29,Asian,StatsNZ,1140
Hawkes Bay,25-29,European or Other,HSU,5596
Hawkes Bay,25-29,European or Other,StatsNZ,5170
Hawkes Bay,25-29,Maori,HSU,3419
Hawkes Bay,25-29,Maori,StatsNZ,3670
Hawkes Bay,25-29,Pacific Peoples,HSU,572
Hawkes Bay,25-29,Pacific Peoples,StatsNZ,720
Hawkes Bay,30-34,Asian,HSU,1111
Hawkes Bay,30-34,Asian,StatsNZ,1280
Hawkes Bay,30-34,European or Other,HSU,5737
Hawkes Bay,30-34,European or Other,StatsNZ,5640
Hawkes Bay,30-34,Maori,HSU,2989
Hawkes Bay,30-34,Maori,StatsNZ,3240
Hawkes Bay,30-34,Pacific Peoples,HSU,517
Hawkes Bay,30-34,Pacific Peoples,StatsNZ,710
Hawkes Bay,35-39,Asian,HSU,800
Hawkes Bay,35-39,Asian,StatsNZ,940
Hawkes Bay,35-39,European or Other,HSU,5743
Hawkes Bay,35-39,European or Other,StatsNZ,5730
Hawkes Bay,35-39,Maori,HSU,2447
Hawkes Bay,35-39,Maori,StatsNZ,2650
Hawkes Bay,35-39,Pacific Peoples,HSU,447
Hawkes Bay,35-39,Pacific Peoples,StatsNZ,580
Hawkes Bay,40-44,Asian,HSU,661
Hawkes Bay,40-44,Asian,StatsNZ,750
Hawkes Bay,40-44,European or Other,HSU,6300
Hawkes Bay,40-44,European or Other,StatsNZ,6310
Hawkes Bay,40-44,Maori,HSU,2342
Hawkes Bay,40-44,Maori,StatsNZ,2620
Hawkes Bay,40-44,Pacific Peoples,HSU,374
Hawkes Bay,40-44,Pacific Peoples,StatsNZ,500
Hawkes Bay,45-49,Asian,HSU,482
Hawkes Bay,45-49,Asian,StatsNZ,590
Hawkes Bay,45-49,European or Other,HSU,7830
Hawkes Bay,45-49,European or Other,StatsNZ,7710
Hawkes Bay,45-49,Maori,HSU,2627
Hawkes Bay,45-49,Maori,StatsNZ,2860
Hawkes Bay,45-49,Pacific Peoples,HSU,352
Hawkes Bay,45-49,Pacific Peoples,StatsNZ,450
Hawkes Bay,50-54,Asian,HSU,359
Hawkes Bay,50-54,Asian,StatsNZ,490
Hawkes Bay,50-54,European or Other,HSU,8024
Hawkes Bay,50-54,European or Other,StatsNZ,8280
Hawkes Bay,50-54,Maori,HSU,2294
Hawkes Bay,50-54,Maori,StatsNZ,2590
Hawkes Bay,50-54,Pacific Peoples,HSU,341
Hawkes Bay,50-54,Pacific Peoples,StatsNZ,390
Hawkes Bay,55-59,Asian,HSU,318
Hawkes Bay,55-59,Asian,StatsNZ,430
Hawkes Bay,55-59,European or Other,HSU,8913
Hawkes Bay,55-59,European or Other,StatsNZ,8860
Hawkes Bay,55-59,Maori,HSU,2316
Hawkes Bay,55-59,Maori,StatsNZ,2570
Hawkes Bay,55-59,Pacific Peoples,HSU,242
Hawkes Bay,55-59,Pacific Peoples,StatsNZ,290
Hawkes Bay,60-64,Asian,HSU,271
Hawkes Bay,60-64,Asian,StatsNZ,330
Hawkes Bay,60-64,European or Other,HSU,8486
Hawkes Bay,60-64,European or Other,StatsNZ,8690
Hawkes Bay,60-64,Maori,HSU,1850
Hawkes Bay,60-64,Maori,StatsNZ,2100
Hawkes Bay,60-64,Pacific Peoples,HSU,218
Hawkes Bay,60-64,Pacific Peoples,StatsNZ,240
Hawkes Bay,65-69,Asian,HSU,204
Hawkes Bay,65-69,Asian,StatsNZ,260
Hawkes Bay,65-69,European or Other,HSU,7996
Hawkes Bay,65-69,European or Other,StatsNZ,8180
Hawkes Bay,65-69,Maori,HSU,1370
Hawkes Bay,65-69,Maori,StatsNZ,1570
Hawkes Bay,65-69,Pacific Peoples,HSU,151
Hawkes Bay,65-69,Pacific Peoples,StatsNZ,170
Hawkes Bay,70-74,Asian,HSU,147
Hawkes Bay,70-74,Asian,StatsNZ,180
Hawkes Bay,70-74,European or Other,HSU,7676
Hawkes Bay,70-74,European or Other,StatsNZ,8020
Hawkes Bay,70-74,Maori,HSU,927
Hawkes Bay,70-74,Maori,StatsNZ,1040
Hawkes Bay,70-74,Pacific Peoples,HSU,112
Hawkes Bay,70-74,Pacific Peoples,StatsNZ,130
Hawkes Bay,75-79,Asian,HSU,95
Hawkes Bay,75-79,Asian,StatsNZ,120
Hawkes Bay,75-79,European or Other,HSU,5396
Hawkes Bay,75-79,European or Other,StatsNZ,5570
Hawkes Bay,75-79,Maori,HSU,505
Hawkes Bay,75-79,Maori,StatsNZ,580
Hawkes Bay,75-79,Pacific Peoples,HSU,51
Hawkes Bay,75-79,Pacific Peoples,StatsNZ,60
Hawkes Bay,80-84,Asian,HSU,63
Hawkes Bay,80-84,Asian,StatsNZ,70
Hawkes Bay,80-84,European or Other,HSU,3597
Hawkes Bay,80-84,European or Other,StatsNZ,3820
Hawkes Bay,80-84,Maori,HSU,297
Hawkes Bay,80-84,Maori,StatsNZ,300
Hawkes Bay,80-84,Pacific Peoples,HSU,33
Hawkes Bay,80-84,Pacific Peoples,StatsNZ,30
Hawkes Bay,85-89,Asian,HSU,36
Hawkes Bay,85-89,Asian,StatsNZ,40
Hawkes Bay,85-89,European or Other,HSU,2113
Hawkes Bay,85-89,European or Other,StatsNZ,2170
Hawkes Bay,85-89,Maori,HSU,138
Hawkes Bay,85-89,Maori,StatsNZ,150
Hawkes Bay,85-89,Pacific Peoples,HSU,20
Hawkes Bay,85-89,Pacific Peoples,StatsNZ,30
Hawkes Bay,90+,European or Other,HSU,1228
Hawkes Bay,90+,European or Other,StatsNZ,1230
Hawkes Bay,90+,Maori,HSU,26
Hawkes Bay,90+,Maori,StatsNZ,40
Lakes,20-24,Asian,HSU,362
Lakes,20-24,Asian,StatsNZ,630
Lakes,20-24,European or Other,HSU,2837
Lakes,20-24,European or Other,StatsNZ,2410
Lakes,20-24,Maori,HSU,3040
Lakes,20-24,Maori,StatsNZ,3280
Lakes,20-24,Pacific Peoples,HSU,196
Lakes,20-24,Pacific Peoples,StatsNZ,210
Lakes,25-29,Asian,HSU,951
Lakes,25-29,Asian,StatsNZ,1370
Lakes,25-29,European or Other,HSU,3272
Lakes,25-29,European or Other,StatsNZ,2960
Lakes,25-29,Maori,HSU,2937
Lakes,25-29,Maori,StatsNZ,3110
Lakes,25-29,Pacific Peoples,HSU,251
Lakes,25-29,Pacific Peoples,StatsNZ,240
Lakes,30-34,Asian,HSU,1119
Lakes,30-34,Asian,StatsNZ,1580
Lakes,30-34,European or Other,HSU,3484
Lakes,30-34,European or Other,StatsNZ,3260
Lakes,30-34,Maori,HSU,2765
Lakes,30-34,Maori,StatsNZ,2990
Lakes,30-34,Pacific Peoples,HSU,241
Lakes,30-34,Pacific Peoples,StatsNZ,230
Lakes,35-39,Asian,HSU,873
Lakes,35-39,Asian,StatsNZ,1100
Lakes,35-39,European or Other,HSU,3267
Lakes,35-39,European or Other,StatsNZ,3220
Lakes,35-39,Maori,HSU,2226
Lakes,35-39,Maori,StatsNZ,2580
Lakes,35-39,Pacific Peoples,HSU,214
Lakes,35-39,Pacific Peoples,StatsNZ,190
Lakes,40-44,Asian,HSU,628
Lakes,40-44,Asian,StatsNZ,750
Lakes,40-44,European or Other,HSU,3601
Lakes,40-44,European or Other,StatsNZ,3570
Lakes,40-44,Maori,HSU,2094
Lakes,40-44,Maori,StatsNZ,2450
Lakes,40-44,Pacific Peoples,HSU,204
Lakes,40-44,Pacific Peoples,StatsNZ,200
Lakes,45-49,Asian,HSU,502
Lakes,45-49,Asian,StatsNZ,600
Lakes,45-49,European or Other,HSU,4307
Lakes,45-49,European or Other,StatsNZ,4180
Lakes,45-49,Maori,HSU,2279
Lakes,45-49,Maori,StatsNZ,2600
Lakes,45-49,Pacific Peoples,HSU,183
Lakes,45-49,Pacific Peoples,StatsNZ,170
Lakes,50-54,Asian,HSU,356
Lakes,50-54,Asian,StatsNZ,490
Lakes,50-54,European or Other,HSU,4444
Lakes,50-54,European or Other,StatsNZ,4470
Lakes,50-54,Maori,HSU,2144
Lakes,50-54,Maori,StatsNZ,2500
Lakes,50-54,Pacific Peoples,HSU,175
Lakes,50-54,Pacific Peoples,StatsNZ,180
Lakes,55-59,Asian,HSU,317
Lakes,55-59,Asian,StatsNZ,400
Lakes,55-59,European or Other,HSU,4925
Lakes,55-59,European or Other,StatsNZ,4840
Lakes,55-59,Maori,HSU,2115
Lakes,55-59,Maori,StatsNZ,2350
Lakes,55-59,Pacific Peoples,HSU,146
Lakes,55-59,Pacific Peoples,StatsNZ,170
Lakes,60-64,Asian,HSU,248
Lakes,60-64,Asian,StatsNZ,330
Lakes,60-64,European or Other,HSU,4549
Lakes,60-64,European or Other,StatsNZ,4740
Lakes,60-64,Maori,HSU,1782
Lakes,60-64,Maori,StatsNZ,1960
Lakes,60-64,Pacific Peoples,HSU,132
Lakes,60-64,Pacific Peoples,StatsNZ,140
Lakes,65-69,Asian,HSU,190
Lakes,65-69,Asian,StatsNZ,230
Lakes,65-69,European or Other,HSU,4321
Lakes,65-69,European or Other,StatsNZ,4520
Lakes,65-69,Maori,HSU,1167
Lakes,65-69,Maori,StatsNZ,1300
Lakes,65-69,Pacific Peoples,HSU,84
Lakes,65-69,Pacific Peoples,StatsNZ,90
Lakes,70-74,Asian,HSU,120
Lakes,70-74,Asian,StatsNZ,160
Lakes,70-74,European or Other,HSU,4200
Lakes,70-74,European or Other,StatsNZ,4430
Lakes,70-74,Maori,HSU,781
Lakes,70-74,Maori,StatsNZ,880
Lakes,70-74,Pacific Peoples,HSU,45
Lakes,70-74,Pacific Peoples,StatsNZ,60
Lakes,75-79,Asian,HSU,50
Lakes,75-79,Asian,StatsNZ,70
Lakes,75-79,European or Other,HSU,2904
Lakes,75-79,European or Other,StatsNZ,3060
Lakes,75-79,Maori,HSU,457
Lakes,75-79,Maori,StatsNZ,550
Lakes,75-79,Pacific Peoples,HSU,34
Lakes,75-79,Pacific Peoples,StatsNZ,30
Lakes,80-84,Asian,HSU,36
Lakes,80-84,Asian,StatsNZ,50
Lakes,80-84,European or Other,HSU,1805
Lakes,80-84,European or Other,StatsNZ,1950
Lakes,80-84,Maori,HSU,272
Lakes,80-84,Maori,StatsNZ,290
Lakes,80-84,Pacific Peoples,HSU,21
Lakes,80-84,Pacific Peoples,StatsNZ,20
Lakes,85-89,Asian,HSU,15
Lakes,85-89,Asian,StatsNZ,20
Lakes,85-89,European or Other,HSU,1083
Lakes,85-89,European or Other,StatsNZ,1100
Lakes,85-89,Maori,HSU,113
Lakes,85-89,Maori,StatsNZ,140
Lakes,85-89,Pacific Peoples,HSU,5
Lakes,85-89,Pacific Peoples,StatsNZ,20
Lakes,90+,Asian,HSU,8
Lakes,90+,Asian,StatsNZ,20
Lakes,90+,European or Other,HSU,598
Lakes,90+,European or Other,StatsNZ,590
Lakes,90+,Maori,HSU,43
Lakes,90+,Maori,StatsNZ,40
MidCentral,20-24,Asian,HSU,687
MidCentral,20-24,Asian,StatsNZ,1290
MidCentral,20-24,European or Other,HSU,7594
MidCentral,20-24,European or Other,StatsNZ,7490
MidCentral,20-24,Maori,HSU,2796
MidCentral,20-24,Maori,StatsNZ,3420
MidCentral,20-24,Pacific Peoples,HSU,503
MidCentral,20-24,Pacific Peoples,StatsNZ,570
MidCentral,25-29,Asian,HSU,1113
MidCentral,25-29,Asian,StatsNZ,1450
MidCentral,25-29,European or Other,HSU,7640
MidCentral,25-29,European or Other,StatsNZ,7310
MidCentral,25-29,Maori,HSU,2534
MidCentral,25-29,Maori,StatsNZ,3160
MidCentral,25-29,Pacific Peoples,HSU,493
MidCentral,25-29,Pacific Peoples,StatsNZ,520
MidCentral,30-34,Asian,HSU,1423
MidCentral,30-34,Asian,StatsNZ,1610
MidCentral,30-34,European or Other,HSU,7176
MidCentral,30-34,European or Other,StatsNZ,7120
MidCentral,30-34,Maori,HSU,2172
MidCentral,30-34,Maori,StatsNZ,2760
MidCentral,30-34,Pacific Peoples,HSU,443
MidCentral,30-34,Pacific Peoples,StatsNZ,470
MidCentral,35-39,Asian,HSU,1284
MidCentral,35-39,Asian,StatsNZ,1480
MidCentral,35-39,European or Other,HSU,6658
MidCentral,35-39,European or Other,StatsNZ,6650
MidCentral,35-39,Maori,HSU,1722
MidCentral,35-39,Maori,StatsNZ,2210
MidCentral,35-39,Pacific Peoples,HSU,419
MidCentral,35-39,Pacific Peoples,StatsNZ,380
MidCentral,40-44,Asian,HSU,985
MidCentral,40-44,Asian,StatsNZ,1080
MidCentral,40-44,European or Other,HSU,6691
MidCentral,40-44,European or Other,StatsNZ,6740
MidCentral,40-44,Maori,HSU,1600
MidCentral,40-44,Maori,StatsNZ,2070
MidCentral,40-44,Pacific Peoples,HSU,328
MidCentral,40-44,Pacific Peoples,StatsNZ,320
MidCentral,45-49,Asian,HSU,752
MidCentral,45-49,Asian,StatsNZ,860
MidCentral,45-49,European or Other,HSU,8021
MidCentral,45-49,European or Other,StatsNZ,8010
MidCentral,45-49,Maori,HSU,1734
MidCentral,45-49,Maori,StatsNZ,2110
MidCentral,45-49,Pacific Peoples,HSU,299
MidCentral,45-49,Pacific Peoples,StatsNZ,300
MidCentral,50-54,Asian,HSU,578
MidCentral,50-54,Asian,StatsNZ,680
MidCentral,50-54,European or Other,HSU,8623
MidCentral,50-54,European or Other,StatsNZ,8720
MidCentral,50-54,Maori,HSU,1634
MidCentral,50-54,Maori,StatsNZ,2000
MidCentral,50-54,Pacific Peoples,HSU,284
MidCentral,50-54,Pacific Peoples,StatsNZ,300
MidCentral,55-59,Asian,HSU,549
MidCentral,55-59,Asian,StatsNZ,650
MidCentral,55-59,European or Other,HSU,9534
MidCentral,55-59,European or Other,StatsNZ,9540
MidCentral,55-59,Maori,HSU,1625
MidCentral,55-59,Maori,StatsNZ,1830
MidCentral,55-59,Pacific Peoples,HSU,248
MidCentral,55-59,Pacific Peoples,StatsNZ,280
MidCentral,60-64,Asian,HSU,492
MidCentral,60-64,Asian,StatsNZ,570
MidCentral,60-64,European or Other,HSU,9111
MidCentral,60-64,European or Other,StatsNZ,9390
MidCentral,60-64,Maori,HSU,1249
MidCentral,60-64,Maori,StatsNZ,1420
MidCentral,60-64,Pacific Peoples,HSU,180
MidCentral,60-64,Pacific Peoples,StatsNZ,200
MidCentral,65-69,Asian,HSU,383
MidCentral,65-69,Asian,StatsNZ,430
MidCentral,65-69,European or Other,HSU,8408
MidCentral,65-69,European or Other,StatsNZ,8600
MidCentral,65-69,Maori,HSU,849
MidCentral,65-69,Maori,StatsNZ,1040
MidCentral,65-69,Pacific Peoples,HSU,158
MidCentral,65-69,Pacific Peoples,StatsNZ,150
MidCentral,70-74,Asian,HSU,285
MidCentral,70-74,Asian,StatsNZ,330
MidCentral,70-74,European or Other,HSU,7830
MidCentral,70-74,European or Other,StatsNZ,8170
MidCentral,70-74,Maori,HSU,572
MidCentral,70-74,Maori,StatsNZ,740
MidCentral,70-74,Pacific Peoples,HSU,117
MidCentral,70-74,Pacific Peoples,StatsNZ,130
MidCentral,75-79,Asian,HSU,163
MidCentral,75-79,Asian,StatsNZ,200
MidCentral,75-79,European or Other,HSU,5755
MidCentral,75-79,European or Other,StatsNZ,5850
MidCentral,75-79,Maori,HSU,366
MidCentral,75-79,Maori,StatsNZ,430
MidCentral,75-79,Pacific Peoples,HSU,60
MidCentral,75-79,Pacific Peoples,StatsNZ,70
MidCentral,80-84,Asian,HSU,108
MidCentral,80-84,Asian,StatsNZ,120
MidCentral,80-84,European or Other,HSU,3905
MidCentral,80-84,European or Other,StatsNZ,4080
MidCentral,80-84,Maori,HSU,190
MidCentral,80-84,Maori,StatsNZ,240
MidCentral,80-84,Pacific Peoples,HSU,39
MidCentral,80-84,Pacific Peoples,StatsNZ,40
MidCentral,85-89,Asian,HSU,49
MidCentral,85-89,Asian,StatsNZ,60
MidCentral,85-89,European or Other,HSU,2289
MidCentral,85-89,European or Other,StatsNZ,2250
MidCentral,85-89,Maori,HSU,72
MidCentral,85-89,Maori,StatsNZ,90
MidCentral,85-89,Pacific Peoples,HSU,8
MidCentral,85-89,Pacific Peoples,StatsNZ,10
MidCentral,90+,Asian,HSU,22
MidCentral,90+,Asian,StatsNZ,30
MidCentral,90+,European or Other,HSU,1269
MidCentral,90+,European or Other,StatsNZ,1250
MidCentral,90+,Maori,HSU,27
MidCentral,90+,Maori,StatsNZ,50
Nelson Marlborough,20-24,Asian,HSU,361
Nelson Marlborough,20-24,Asian,StatsNZ,540
Nelson Marlborough,20-24,European or Other,HSU,5521
Nelson Marlborough,20-24,European or Other,StatsNZ,5080
Nelson Marlborough,20-24,Maori,HSU,1115
Nelson Marlborough,20-24,Maori,StatsNZ,1330
Nelson Marlborough,20-24,Pacific Peoples,HSU,244
Nelson Marlborough,20-24,Pacific Peoples,StatsNZ,250
Nelson Marlborough,25-29,Asian,HSU,643
Nelson Marlborough,25-29,Asian,StatsNZ,1050
Nelson Marlborough,25-29,European or Other,HSU,6062
Nelson Marlborough,25-29,European or Other,StatsNZ,5940
Nelson Marlborough,25-29,Maori,HSU,1129
Nelson Marlborough,25-29,Maori,StatsNZ,1270
Nelson Marlborough,25-29,Pacific Peoples,HSU,240
Nelson Marlborough,25-29,Pacific Peoples,StatsNZ,300
Nelson Marlborough,30-34,Asian,HSU,908
Nelson Marlborough,30-34,Asian,StatsNZ,1130
Nelson Marlborough,30-34,European or Other,HSU,6719
Nelson Marlborough,30-34,European or Other,StatsNZ,6500
Nelson Marlborough,30-34,Maori,HSU,941
Nelson Marlborough,30-34,Maori,StatsNZ,1130
Nelson Marlborough,30-34,Pacific Peoples,HSU,242
Nelson Marlborough,30-34,Pacific Peoples,StatsNZ,290
Nelson Marlborough,35-39,Asian,HSU,756
Nelson Marlborough,35-39,Asian,StatsNZ,940
Nelson Marlborough,35-39,European or Other,HSU,6914
Nelson Marlborough,35-39,European or Other,StatsNZ,6690
Nelson Marlborough,35-39,Maori,HSU,810
Nelson Marlborough,35-39,Maori,StatsNZ,990
Nelson Marlborough,35-39,Pacific Peoples,HSU,237
Nelson Marlborough,35-39,Pacific Peoples,StatsNZ,290
Nelson Marlborough,40-44,Asian,HSU,578
Nelson Marlborough,40-44,Asian,StatsNZ,650
Nelson Marlborough,40-44,European or Other,HSU,7308
Nelson Marlborough,40-44,European or Other,StatsNZ,7320
Nelson Marlborough,40-44,Maori,HSU,762
Nelson Marlborough,40-44,Maori,StatsNZ,950
Nelson Marlborough,40-44,Pacific Peoples,HSU,186
Nelson Marlborough,40-44,Pacific Peoples,StatsNZ,260
Nelson Marlborough,45-49,Asian,HSU,480
Nelson Marlborough,45-49,Asian,StatsNZ,610
Nelson Marlborough,45-49,European or Other,HSU,9144
Nelson Marlborough,45-49,European or Other,StatsNZ,9220
Nelson Marlborough,45-49,Maori,HSU,873
Nelson Marlborough,45-49,Maori,StatsNZ,1080
Nelson Marlborough,45-49,Pacific Peoples,HSU,152
Nelson Marlborough,45-49,Pacific Peoples,StatsNZ,200
Nelson Marlborough,50-54,Asian,HSU,307
Nelson Marlborough,50-54,Asian,StatsNZ,430
Nelson Marlborough,50-54,European or Other,HSU,9827
Nelson Marlborough,50-54,European or Other,StatsNZ,10020
Nelson Marlborough,50-54,Maori,HSU,855
Nelson Marlborough,50-54,Maori,StatsNZ,1050
Nelson Marlborough,50-54,Pacific Peoples,HSU,132
Nelson Marlborough,50-54,Pacific Peoples,StatsNZ,170
Nelson Marlborough,55-59,Asian,HSU,256
Nelson Marlborough,55-59,Asian,StatsNZ,380
Nelson Marlborough,55-59,European or Other,HSU,10765
Nelson Marlborough,55-59,European or Other,StatsNZ,10630
Nelson Marlborough,55-59,Maori,HSU,785
Nelson Marlborough,55-59,Maori,StatsNZ,980
Nelson Marlborough,55-59,Pacific Peoples,HSU,96
Nelson Marlborough,55-59,Pacific Peoples,StatsNZ,120
Nelson Marlborough,60-64,Asian,HSU,188
Nelson Marlborough,60-64,Asian,StatsNZ,260
Nelson Marlborough,60-64,European or Other,HSU,10363
Nelson Marlborough,60-64,European or Other,StatsNZ,10560
Nelson Marlborough,60-64,Maori,HSU,607
Nelson Marlborough,60-64,Maori,StatsNZ,760
Nelson Marlborough,60-64,Pacific Peoples,HSU,68
Nelson Marlborough,60-64,Pacific Peoples,StatsNZ,90
Nelson Marlborough,65-69,Asian,HSU,127
Nelson Marlborough,65-69,Asian,StatsNZ,180
Nelson Marlborough,65-69,European or Other,HSU,9675
Nelson Marlborough,65-69,European or Other,StatsNZ,9920
Nelson Marlborough,65-69,Maori,HSU,415
Nelson Marlborough,65-69,Maori,StatsNZ,520
Nelson Marlborough,65-69,Pacific Peoples,HSU,51
Nelson Marlborough,65-69,Pacific Peoples,StatsNZ,70
Nelson Marlborough,70-74,Asian,HSU,72
Nelson Marlborough,70-74,Asian,StatsNZ,110
Nelson Marlborough,70-74,European or Other,HSU,9159
Nelson Marlborough,70-74,European or Other,StatsNZ,9540
Nelson Marlborough,70-74,Maori,HSU,298
Nelson Marlborough,70-74,Maori,StatsNZ,360
Nelson Marlborough,70-74,Pacific Peoples,HSU,34
Nelson Marlborough,70-74,Pacific Peoples,StatsNZ,50
Nelson Marlborough,75-79,Asian,HSU,31
Nelson Marlborough,75-79,Asian,StatsNZ,60
Nelson Marlborough,75-79,European or Other,HSU,6167
Nelson Marlborough,75-79,European or Other,StatsNZ,6490
Nelson Marlborough,75-79,Maori,HSU,196
Nelson Marlborough,75-79,Maori,StatsNZ,250
Nelson Marlborough,75-79,Pacific Peoples,HSU,9
Nelson Marlborough,75-79,Pacific Peoples,StatsNZ,30
Nelson Marlborough,80-84,Asian,HSU,15
Nelson Marlborough,80-84,Asian,StatsNZ,30
Nelson Marlborough,80-84,European or Other,HSU,3844
Nelson Marlborough,80-84,European or Other,StatsNZ,4230
Nelson Marlborough,80-84,Maori,HSU,86
Nelson Marlborough,80-84,Maori,StatsNZ,110
Nelson Marlborough,80-84,Pacific Peoples,HSU,9
Nelson Marlborough,80-84,Pacific Peoples,StatsNZ,20
Nelson Marlborough,85-89,European or Other,HSU,2226
Nelson Marlborough,85-89,European or Other,StatsNZ,2370
Nelson Marlborough,85-89,Maori,HSU,30
Nelson Marlborough,85-89,Maori,StatsNZ,70
Nelson Marlborough,90+,European or Other,HSU,1241
Nelson Marlborough,90+,European or Other,StatsNZ,1390
Nelson Marlborough,90+,Maori,HSU,10
Nelson Marlborough,90+,Maori,StatsNZ,30
Northland,20-24,Asian,HSU,301
Northland,20-24,Asian,StatsNZ,440
Northland,20-24,European or Other,HSU,4226
Northland,20-24,European or Other,StatsNZ,3570
Northland,20-24,Maori,HSU,4724
Northland,20-24,Maori,StatsNZ,4670
Northland,20-24,Pacific Peoples,HSU,232
Northland,20-24,Pacific Peoples,StatsNZ,260
Northland,25-29,Asian,HSU,718
Northland,25-29,Asian,StatsNZ,750
Northland,25-29,European or Other,HSU,5154
Northland,25-29,European or Other,StatsNZ,4610
Northland,25-29,Maori,HSU,4586
Northland,25-29,Maori,StatsNZ,4810
Northland,25-29,Pacific Peoples,HSU,301
Northland,25-29,Pacific Peoples,StatsNZ,300
Northland,30-34,Asian,HSU,956
Northland,30-34,Asian,StatsNZ,1070
Northland,30-34,European or Other,HSU,5615
Northland,30-34,European or Other,StatsNZ,5400
Northland,30-34,Maori,HSU,4299
Northland,30-34,Maori,StatsNZ,4630
Northland,30-34,Pacific Peoples,HSU,302
Northland,30-34,Pacific Peoples,StatsNZ,310
Northland,35-39,Asian,HSU,715
Northland,35-39,Asian,StatsNZ,810
Northland,35-39,European or Other,HSU,5626
Northland,35-39,European or Other,StatsNZ,5590
Northland,35-39,Maori,HSU,3431
Northland,35-39,Maori,StatsNZ,3850
Northland,35-39,Pacific Peoples,HSU,258
Northland,35-39,Pacific Peoples,StatsNZ,250
Northland,40-44,Asian,HSU,527
Northland,40-44,Asian,StatsNZ,610
Northland,40-44,European or Other,HSU,5626
Northland,40-44,European or Other,StatsNZ,5590
Northland,40-44,Maori,HSU,3235
Northland,40-44,Maori,StatsNZ,3500
Northland,40-44,Pacific Peoples,HSU,249
Northland,40-44,Pacific Peoples,StatsNZ,270
Northland,45-49,Asian,HSU,458
Northland,45-49,Asian,StatsNZ,510
Northland,45-49,European or Other,HSU,7087
Northland,45-49,European or Other,StatsNZ,6980
Northland,45-49,Maori,HSU,3837
Northland,45-49,Maori,StatsNZ,4040
Northland,45-49,Pacific Peoples,HSU,251
Northland,45-49,Pacific Peoples,StatsNZ,260
Northland,50-54,Asian,HSU,389
Northland,50-54,Asian,StatsNZ,470
Northland,50-54,European or Other,HSU,8208
Northland,50-54,European or Other,StatsNZ,8380
Northland,50-54,Maori,HSU,3722
Northland,50-54,Maori,StatsNZ,4030
Northland,50-54,Pacific Peoples,HSU,225
Northland,50-54,Pacific Peoples,StatsNZ,270
Northland,55-59,Asian,HSU,333
Northland,55-59,Asian,StatsNZ,400
Northland,55-59,European or Other,HSU,9555
Northland,55-59,European or Other,StatsNZ,9360
Northland,55-59,Maori,HSU,3914
Northland,55-59,Maori,StatsNZ,4120
Northland,55-59,Pacific Peoples,HSU,179
Northland,55-59,Pacific Peoples,StatsNZ,200
Northland,60-64,Asian,HSU,274
Northland,60-64,Asian,StatsNZ,340
Northland,60-64,European or Other,HSU,10005
Northland,60-64,European or Other,StatsNZ,9980
Northland,60-64,Maori,HSU,3289
Northland,60-64,Maori,StatsNZ,3510
Northland,60-64,Pacific Peoples,HSU,140
Northland,60-64,Pacific Peoples,StatsNZ,170
Northland,65-69,Asian,HSU,185
Northland,65-69,Asian,StatsNZ,230
Northland,65-69,European or Other,HSU,9715
Northland,65-69,European or Other,StatsNZ,10020
Northland,65-69,Maori,HSU,2329
Northland,65-69,Maori,StatsNZ,2540
Northland,65-69,Pacific Peoples,HSU,141
Northland,65-69,Pacific Peoples,StatsNZ,140
Northland,70-74,Asian,HSU,122
Northland,70-74,Asian,StatsNZ,150
Northland,70-74,European or Other,HSU,9173
Northland,70-74,European or Other,StatsNZ,9360
Northland,70-74,Maori,HSU,1581
Northland,70-74,Maori,StatsNZ,1730
Northland,70-74,Pacific Peoples,HSU,80
Northland,70-74,Pacific Peoples,StatsNZ,90
Northland,75-79,Asian,HSU,61
Northland,75-79,Asian,StatsNZ,90
Northland,75-79,European or Other,HSU,6027
Northland,75-79,European or Other,StatsNZ,6200
Northland,75-79,Maori,HSU,951
Northland,75-79,Maori,StatsNZ,1090
Northland,75-79,Pacific Peoples,HSU,50
Northland,75-79,Pacific Peoples,StatsNZ,70
Northland,80-84,Asian,HSU,29
Northland,80-84,Asian,StatsNZ,50
Northland,80-84,European or Other,HSU,3844
Northland,80-84,European or Other,StatsNZ,4090
Northland,80-84,Maori,HSU,570
Northland,80-84,Maori,StatsNZ,610
Northland,80-84,Pacific Peoples,HSU,13
Northland,80-84,Pacific Peoples,StatsNZ,30
Northland,85-89,Asian,HSU,11
Northland,85-89,Asian,StatsNZ,20
Northland,85-89,European or Other,HSU,2077
Northland,85-89,European or Other,StatsNZ,2050
Northland,85-89,Maori,HSU,217
Northland,85-89,Maori,StatsNZ,260
Northland,90+,Asian,HSU,7
Northland,90+,Asian,StatsNZ,0
Northland,90+,European or Other,HSU,1198
Northland,90+,European or Other,StatsNZ,1170
Northland,90+,Maori,HSU,87
Northland,90+,Maori,StatsNZ,90
South Canterbury,20-24,Asian,HSU,121
South Canterbury,20-24,Asian,StatsNZ,150
South Canterbury,20-24,European or Other,HSU,2528
South Canterbury,20-24,European or Other,StatsNZ,2170
South Canterbury,20-24,Maori,HSU,385
South Canterbury,20-24,Maori,StatsNZ,460
South Canterbury,20-24,Pacific Peoples,HSU,109
South Canterbury,20-24,Pacific Peoples,StatsNZ,70
South Canterbury,25-29,Asian,HSU,350
South Canterbury,25-29,Asian,StatsNZ,390
South Canterbury,25-29,European or Other,HSU,2901
South Canterbury,25-29,European or Other,StatsNZ,2880
South Canterbury,25-29,Maori,HSU,330
South Canterbury,25-29,Maori,StatsNZ,390
South Canterbury,25-29,Pacific Peoples,HSU,98
South Canterbury,25-29,Pacific Peoples,StatsNZ,80
South Canterbury,30-34,Asian,HSU,443
South Canterbury,30-34,Asian,StatsNZ,520
South Canterbury,30-34,European or Other,HSU,2818
South Canterbury,30-34,European or Other,StatsNZ,2940
South Canterbury,30-34,Maori,HSU,317
South Canterbury,30-34,Maori,StatsNZ,370
South Canterbury,30-34,Pacific Peoples,HSU,115
South Canterbury,30-34,Pacific Peoples,StatsNZ,80
South Canterbury,35-39,Asian,HSU,351
South Canterbury,35-39,Asian,StatsNZ,410
South Canterbury,35-39,European or Other,HSU,2549
South Canterbury,35-39,European or Other,StatsNZ,2560
South Canterbury,35-39,Maori,HSU,220
South Canterbury,35-39,Maori,StatsNZ,290
South Canterbury,35-39,Pacific Peoples,HSU,107
South Canterbury,35-39,Pacific Peoples,StatsNZ,85
South Canterbury,40-44,Asian,HSU,296
South Canterbury,40-44,Asian,StatsNZ,350
South Canterbury,40-44,European or Other,HSU,2696
South Canterbury,40-44,European or Other,StatsNZ,2700
South Canterbury,40-44,Maori,HSU,258
South Canterbury,40-44,Maori,StatsNZ,300
South Canterbury,40-44,Pacific Peoples,HSU,89
South Canterbury,40-44,Pacific Peoples,StatsNZ,75
South Canterbury,45-49,Asian,HSU,194
South Canterbury,45-49,Asian,StatsNZ,240
South Canterbury,45-49,European or Other,HSU,3377
South Canterbury,45-49,European or Other,StatsNZ,3320
South Canterbury,45-49,Maori,HSU,279
South Canterbury,45-49,Maori,StatsNZ,330
South Canterbury,45-49,Pacific Peoples,HSU,51
South Canterbury,45-49,Pacific Peoples,StatsNZ,55
South Canterbury,50-54,Asian,HSU,126
South Canterbury,50-54,Asian,StatsNZ,170
South Canterbury,50-54,European or Other,HSU,3710
South Canterbury,50-54,European or Other,StatsNZ,3680
South Canterbury,50-54,Maori,HSU,235
South Canterbury,50-54,Maori,StatsNZ,280
South Canterbury,50-54,Pacific Peoples,HSU,37
South Canterbury,50-54,Pacific Peoples,StatsNZ,40
South Canterbury,55-59,Asian,HSU,86
South Canterbury,55-59,Asian,StatsNZ,150
South Canterbury,55-59,European or Other,HSU,4095
South Canterbury,55-59,European or Other,StatsNZ,4110
South Canterbury,55-59,Maori,HSU,221
South Canterbury,55-59,Maori,StatsNZ,270
South Canterbury,55-59,Pacific Peoples,HSU,23
South Canterbury,55-59,Pacific Peoples,StatsNZ,35
South Canterbury,60-64,Asian,HSU,73
South Canterbury,60-64,Asian,StatsNZ,100
South Canterbury,60-64,European or Other,HSU,3948
South Canterbury,60-64,European or Other,StatsNZ,4050
South Canterbury,60-64,Maori,HSU,167
South Canterbury,60-64,Maori,StatsNZ,200
South Canterbury,60-64,Pacific Peoples,HSU,24
South Canterbury,60-64,Pacific Peoples,StatsNZ,20
South Canterbury,65-69,Asian,HSU,33
South Canterbury,65-69,Asian,StatsNZ,60
South Canterbury,65-69,European or Other,HSU,3680
South Canterbury,65-69,European or Other,StatsNZ,3810
South Canterbury,65-69,Maori,HSU,128
South Canterbury,65-69,Maori,StatsNZ,170
South Canterbury,65-69,Pacific Peoples,HSU,7
South Canterbury,65-69,Pacific Peoples,StatsNZ,15
South Canterbury,70-74,Asian,HSU,30
South Canterbury,70-74,Asian,StatsNZ,40
South Canterbury,70-74,European or Other,HSU,3388
South Canterbury,70-74,European or Other,StatsNZ,3550
South Canterbury,70-74,Maori,HSU,86
South Canterbury,70-74,Maori,StatsNZ,100
South Canterbury,70-74,Pacific Peoples,HSU,6
South Canterbury,70-74,Pacific Peoples,StatsNZ,10
South Canterbury,75-79,Asian,HSU,7
South Canterbury,75-79,Asian,StatsNZ,20
South Canterbury,75-79,European or Other,HSU,2433
South Canterbury,75-79,European or Other,StatsNZ,2470
South Canterbury,75-79,Maori,HSU,47
South Canterbury,75-79,Maori,StatsNZ,60
South Canterbury,75-79,Pacific Peoples,HSU,13
South Canterbury,75-79,Pacific Peoples,StatsNZ,10
South Canterbury,80-84,Asian,HSU,10
South Canterbury,80-84,Asian,StatsNZ,20
South Canterbury,80-84,European or Other,HSU,1701
South Canterbury,80-84,European or Other,StatsNZ,1740
South Canterbury,80-84,Maori,HSU,27
South Canterbury,80-84,Maori,StatsNZ,40
South Canterbury,85-89,European or Other,HSU,952
South Canterbury,85-89,European or Other,StatsNZ,1020
South Canterbury,85-89,Maori,HSU,15
South Canterbury,85-89,Maori,StatsNZ,20
South Canterbury,90+,European or Other,HSU,542
South Canterbury,90+,European or Other,StatsNZ,540
Southern,20-24,Asian,HSU,1846
Southern,20-24,Asian,StatsNZ,3190
Southern,20-24,European or Other,HSU,18017
Southern,20-24,European or Other,StatsNZ,17790
Southern,20-24,Maori,HSU,2893
Southern,20-24,Maori,StatsNZ,3690
Southern,20-24,Pacific Peoples,HSU,791
Southern,20-24,Pacific Peoples,StatsNZ,960
Southern,25-29,Asian,HSU,2149
Southern,25-29,Asian,StatsNZ,3270
Southern,25-29,European or Other,HSU,17765
Southern,25-29,European or Other,StatsNZ,17640
Southern,25-29,Maori,HSU,2463
Southern,25-29,Maori,StatsNZ,3020
Southern,25-29,Pacific Peoples,HSU,698
Southern,25-29,Pacific Peoples,StatsNZ,770
Southern,30-34,Asian,HSU,2669
Southern,30-34,Asian,StatsNZ,3680
Southern,30-34,European or Other,HSU,17577
Southern,30-34,European or Other,StatsNZ,18210
Southern,30-34,Maori,HSU,2181
Southern,30-34,Maori,StatsNZ,2640
Southern,30-34,Pacific Peoples,HSU,585
Southern,30-34,Pacific Peoples,StatsNZ,610
Southern,35-39,Asian,HSU,2425
Southern,35-39,Asian,StatsNZ,3110
Southern,35-39,European or Other,HSU,16253
Southern,35-39,European or Other,StatsNZ,16420
Southern,35-39,Maori,HSU,1807
Southern,35-39,Maori,StatsNZ,2180
Southern,35-39,Pacific Peoples,HSU,584
Southern,35-39,Pacific Peoples,StatsNZ,570
Southern,40-44,Asian,HSU,1667
Southern,40-44,Asian,StatsNZ,2030
Southern,40-44,European or Other,HSU,15983
Southern,40-44,European or Other,StatsNZ,16300
Southern,40-44,Maori,HSU,1609
Southern,40-44,Maori,StatsNZ,2010
Southern,40-44,Pacific Peoples,HSU,461
Southern,40-44,Pacific Peoples,StatsNZ,470
Southern,45-49,Asian,HSU,1249
Southern,45-49,Asian,StatsNZ,1560
Southern,45-49,European or Other,HSU,18188
Southern,45-49,European or Other,StatsNZ,18140
Southern,45-49,Maori,HSU,1630
Southern,45-49,Maori,StatsNZ,1930
Southern,45-49,Pacific Peoples,HSU,436
Southern,45-49,Pacific Peoples,StatsNZ,430
Southern,50-54,Asian,HSU,887
Southern,50-54,Asian,StatsNZ,1200
Southern,50-54,European or Other,HSU,18051
Southern,50-54,European or Other,StatsNZ,18680
Southern,50-54,Maori,HSU,1625
Southern,50-54,Maori,StatsNZ,1910
Southern,50-54,Pacific Peoples,HSU,353
Southern,50-54,Pacific Peoples,StatsNZ,390
Southern,55-59,Asian,HSU,672
Southern,55-59,Asian,StatsNZ,880
Southern,55-59,European or Other,HSU,20230
Southern,55-59,European or Other,StatsNZ,20340
Southern,55-59,Maori,HSU,1465
Southern,55-59,Maori,StatsNZ,1730
Southern,55-59,Pacific Peoples,HSU,250
Southern,55-59,Pacific Peoples,StatsNZ,280
Southern,60-64,Asian,HSU,484
Southern,60-64,Asian,StatsNZ,650
Southern,60-64,European or Other,HSU,19007
Southern,60-64,European or Other,StatsNZ,19550
Southern,60-64,Maori,HSU,1085
Southern,60-64,Maori,StatsNZ,1330
Southern,60-64,Pacific Peoples,HSU,219
Southern,60-64,Pacific Peoples,StatsNZ,210
Southern,65-69,Asian,HSU,336
Southern,65-69,Asian,StatsNZ,460
Southern,65-69,European or Other,HSU,16449
Southern,65-69,European or Other,StatsNZ,17170
Southern,65-69,Maori,HSU,752
Southern,65-69,Maori,StatsNZ,920
Southern,65-69,Pacific Peoples,HSU,154
Southern,65-69,Pacific Peoples,StatsNZ,160
Southern,70-74,Asian,HSU,195
Southern,70-74,Asian,StatsNZ,260
Southern,70-74,European or Other,HSU,14334
Southern,70-74,European or Other,StatsNZ,15120
Southern,70-74,Maori,HSU,572
Southern,70-74,Maori,StatsNZ,670
Southern,70-74,Pacific Peoples,HSU,100
Southern,70-74,Pacific Peoples,StatsNZ,120
Southern,75-79,Asian,HSU,104
Southern,75-79,Asian,StatsNZ,150
Southern,75-79,European or Other,HSU,9945
Southern,75-79,European or Other,StatsNZ,10240
Southern,75-79,Maori,HSU,307
Southern,75-79,Maori,StatsNZ,390
Southern,75-79,Pacific Peoples,HSU,68
Southern,75-79,Pacific Peoples,StatsNZ,80
Southern,80-84,Asian,HSU,65
Southern,80-84,Asian,StatsNZ,110
Southern,80-84,European or Other,HSU,6702
Southern,80-84,European or Other,StatsNZ,7150
Southern,80-84,Maori,HSU,216
Southern,80-84,Maori,StatsNZ,280
Southern,80-84,Pacific Peoples,HSU,47
Southern,80-84,Pacific Peoples,StatsNZ,60
Southern,85-89,Asian,HSU,34
Southern,85-89,Asian,StatsNZ,70
Southern,85-89,European or Other,HSU,4036
Southern,85-89,European or Other,StatsNZ,4190
Southern,85-89,Maori,HSU,75
Southern,85-89,Maori,StatsNZ,100
Southern,85-89,Pacific Peoples,HSU,20
Southern,85-89,Pacific Peoples,StatsNZ,30
Southern,90+,Asian,HSU,15
Southern,90+,Asian,StatsNZ,30
Southern,90+,European or Other,HSU,2373
Southern,90+,European or Other,StatsNZ,2570
Southern,90+,Maori,HSU,32
Southern,90+,Maori,StatsNZ,40
Tairawhiti,20-24,Asian,HSU,59
Tairawhiti,20-24,Asian,StatsNZ,50
Tairawhiti,20-24,European or Other,HSU,1019
Tairawhiti,20-24,European or Other,StatsNZ,680
Tairawhiti,20-24,Maori,HSU,1844
Tairawhiti,20-24,Maori,StatsNZ,1870
Tairawhiti,20-24,Pacific Peoples,HSU,89
Tairawhiti,20-24,Pacific Peoples,StatsNZ,75
Tairawhiti,25-29,Asian,HSU,185
Tairawhiti,25-29,Asian,StatsNZ,150
Tairawhiti,25-29,European or Other,HSU,1209
Tairawhiti,25-29,European or Other,StatsNZ,1010
Tairawhiti,25-29,Maori,HSU,1879
Tairawhiti,25-29,Maori,StatsNZ,1950
Tairawhiti,25-29,Pacific Peoples,HSU,100
Tairawhiti,25-29,Pacific Peoples,StatsNZ,85
Tairawhiti,30-34,Asian,HSU,218
Tairawhiti,30-34,Asian,StatsNZ,160
Tairawhiti,30-34,European or Other,HSU,1289
Tairawhiti,30-34,European or Other,StatsNZ,1110
Tairawhiti,30-34,Maori,HSU,1666
Tairawhiti,30-34,Maori,StatsNZ,1830
Tairawhiti,30-34,Pacific Peoples,HSU,110
Tairawhiti,30-34,Pacific Peoples,StatsNZ,95
Tairawhiti,35-39,Asian,HSU,120
Tairawhiti,35-39,Asian,StatsNZ,105
Tairawhiti,35-39,European or Other,HSU,1254
Tairawhiti,35-39,European or Other,StatsNZ,1120
Tairawhiti,35-39,Maori,HSU,1420
Tairawhiti,35-39,Maori,StatsNZ,1580
Tairawhiti,35-39,Pacific Peoples,HSU,83
Tairawhiti,35-39,Pacific Peoples,StatsNZ,70
Tairawhiti,40-44,Asian,HSU,108
Tairawhiti,40-44,Asian,StatsNZ,95
Tairawhiti,40-44,European or Other,HSU,1316
Tairawhiti,40-44,European or Other,StatsNZ,1160
Tairawhiti,40-44,Maori,HSU,1350
Tairawhiti,40-44,Maori,StatsNZ,1490
Tairawhiti,40-44,Pacific Peoples,HSU,84
Tairawhiti,40-44,Pacific Peoples,StatsNZ,90
Tairawhiti,45-49,Asian,HSU,78
Tairawhiti,45-49,Asian,StatsNZ,85
Tairawhiti,45-49,European or Other,HSU,1477
Tairawhiti,45-49,European or Other,StatsNZ,1390
Tairawhiti,45-49,Maori,HSU,1477
Tairawhiti,45-49,Maori,StatsNZ,1650
Tairawhiti,45-49,Pacific Peoples,HSU,84
Tairawhiti,45-49,Pacific Peoples,StatsNZ,75
Tairawhiti,50-54,Asian,HSU,65
Tairawhiti,50-54,Asian,StatsNZ,65
Tairawhiti,50-54,European or Other,HSU,1549
Tairawhiti,50-54,European or Other,StatsNZ,1470
Tairawhiti,50-54,Maori,HSU,1432
Tairawhiti,50-54,Maori,StatsNZ,1580
Tairawhiti,50-54,Pacific Peoples,HSU,84
Tairawhiti,50-54,Pacific Peoples,StatsNZ,85
Tairawhiti,55-59,Asian,HSU,61
Tairawhiti,55-59,Asian,StatsNZ,70
Tairawhiti,55-59,European or Other,HSU,1707
Tairawhiti,55-59,European or Other,StatsNZ,1640
Tairawhiti,55-59,Maori,HSU,1390
Tairawhiti,55-59,Maori,StatsNZ,1500
Tairawhiti,55-59,Pacific Peoples,HSU,76
Tairawhiti,55-59,Pacific Peoples,StatsNZ,80
Tairawhiti,60-64,Asian,HSU,31
Tairawhiti,60-64,Asian,StatsNZ,35
Tairawhiti,60-64,European or Other,HSU,1710
Tairawhiti,60-64,European or Other,StatsNZ,1700
Tairawhiti,60-64,Maori,HSU,1253
Tairawhiti,60-64,Maori,StatsNZ,1380
Tairawhiti,60-64,Pacific Peoples,HSU,46
Tairawhiti,60-64,Pacific Peoples,StatsNZ,45
Tairawhiti,65-69,Asian,HSU,21
Tairawhiti,65-69,Asian,StatsNZ,25
Tairawhiti,65-69,European or Other,HSU,1693
Tairawhiti,65-69,European or Other,StatsNZ,1670
Tairawhiti,65-69,Maori,HSU,956
Tairawhiti,65-69,Maori,StatsNZ,1090
Tairawhiti,65-69,Pacific Peoples,HSU,30
Tairawhiti,65-69,Pacific Peoples,StatsNZ,35
Tairawhiti,70-74,Asian,HSU,17
Tairawhiti,70-74,Asian,StatsNZ,20
Tairawhiti,70-74,European or Other,HSU,1423
Tairawhiti,70-74,European or Other,StatsNZ,1440
Tairawhiti,70-74,Maori,HSU,618
Tairawhiti,70-74,Maori,StatsNZ,730
Tairawhiti,70-74,Pacific Peoples,HSU,20
Tairawhiti,70-74,Pacific Peoples,StatsNZ,30
Tairawhiti,75-79,Asian,HSU,8
Tairawhiti,75-79,Asian,StatsNZ,10
Tairawhiti,75-79,European or Other,HSU,1041
Tairawhiti,75-79,European or Other,StatsNZ,1010
Tairawhiti,75-79,Maori,HSU,329
Tairawhiti,75-79,Maori,StatsNZ,420
Tairawhiti,80-84,Asian,HSU,15
Tairawhiti,80-84,Asian,StatsNZ,15
Tairawhiti,80-84,European or Other,HSU,661
Tairawhiti,80-84,European or Other,StatsNZ,670
Tairawhiti,80-84,Maori,HSU,193
Tairawhiti,80-84,Maori,StatsNZ,240
Tairawhiti,80-84,Pacific Peoples,HSU,6
Tairawhiti,80-84,Pacific Peoples,StatsNZ,10
Tairawhiti,85-89,European or Other,HSU,423
Tairawhiti,85-89,European or Other,StatsNZ,430
Tairawhiti,85-89,Maori,HSU,94
Tairawhiti,85-89,Maori,StatsNZ,120
Tairawhiti,90+,European or Other,HSU,253
Tairawhiti,90+,European or Other,StatsNZ,230
Tairawhiti,90+,Maori,HSU,27
Tairawhiti,90+,Maori,StatsNZ,50
Taranaki,20-24,Asian,HSU,205
Taranaki,20-24,Asian,StatsNZ,370
Taranaki,20-24,European or Other,HSU,4368
Taranaki,20-24,European or Other,StatsNZ,3710
Taranaki,20-24,Maori,HSU,1617
Taranaki,20-24,Maori,StatsNZ,1880
Taranaki,20-24,Pacific Peoples,HSU,124
Taranaki,20-24,Pacific Peoples,StatsNZ,140
Taranaki,25-29,Asian,HSU,438
Taranaki,25-29,Asian,StatsNZ,610
Taranaki,25-29,European or Other,HSU,5002
Taranaki,25-29,European or Other,StatsNZ,4770
Taranaki,25-29,Maori,HSU,1564
Taranaki,25-29,Maori,StatsNZ,1800
Taranaki,25-29,Pacific Peoples,HSU,126
Taranaki,25-29,Pacific Peoples,StatsNZ,130
Taranaki,30-34,Asian,HSU,655
Taranaki,30-34,Asian,StatsNZ,760
Taranaki,30-34,European or Other,HSU,5396
Taranaki,30-34,European or Other,StatsNZ,5300
Taranaki,30-34,Maori,HSU,1482
Taranaki,30-34,Maori,StatsNZ,1810
Taranaki,30-34,Pacific Peoples,HSU,144
Taranaki,30-34,Pacific Peoples,StatsNZ,140
Taranaki,35-39,Asian,HSU,640
Taranaki,35-39,Asian,StatsNZ,700
Taranaki,35-39,European or Other,HSU,5361
Taranaki,35-39,European or Other,StatsNZ,5390
Taranaki,35-39,Maori,HSU,1212
Taranaki,35-39,Maori,StatsNZ,1460
Taranaki,35-39,Pacific Peoples,HSU,121
Taranaki,35-39,Pacific Peoples,StatsNZ,100
Taranaki,40-44,Asian,HSU,451
Taranaki,40-44,Asian,StatsNZ,520
Taranaki,40-44,European or Other,HSU,5402
Taranaki,40-44,European or Other,StatsNZ,5400
Taranaki,40-44,Maori,HSU,1149
Taranaki,40-44,Maori,StatsNZ,1400
Taranaki,40-44,Pacific Peoples,HSU,113
Taranaki,40-44,Pacific Peoples,StatsNZ,115
Taranaki,45-49,Asian,HSU,298
Taranaki,45-49,Asian,StatsNZ,370
Taranaki,45-49,European or Other,HSU,6294
Taranaki,45-49,European or Other,StatsNZ,6220
Taranaki,45-49,Maori,HSU,1225
Taranaki,45-49,Maori,StatsNZ,1450
Taranaki,45-49,Pacific Peoples,HSU,101
Taranaki,45-49,Pacific Peoples,StatsNZ,115
Taranaki,50-54,Asian,HSU,247
Taranaki,50-54,Asian,StatsNZ,300
Taranaki,50-54,European or Other,HSU,6360
Taranaki,50-54,European or Other,StatsNZ,6480
Taranaki,50-54,Maori,HSU,1081
Taranaki,50-54,Maori,StatsNZ,1330
Taranaki,50-54,Pacific Peoples,HSU,72
Taranaki,50-54,Pacific Peoples,StatsNZ,85
Taranaki,55-59,Asian,HSU,195
Taranaki,55-59,Asian,StatsNZ,240
Taranaki,55-59,European or Other,HSU,6851
Taranaki,55-59,European or Other,StatsNZ,6900
Taranaki,55-59,Maori,HSU,1060
Taranaki,55-59,Maori,StatsNZ,1220
Taranaki,55-59,Pacific Peoples,HSU,77
Taranaki,55-59,Pacific Peoples,StatsNZ,80
Taranaki,60-64,Asian,HSU,146
Taranaki,60-64,Asian,StatsNZ,180
Taranaki,60-64,European or Other,HSU,6732
Taranaki,60-64,European or Other,StatsNZ,6840
Taranaki,60-64,Maori,HSU,841
Taranaki,60-64,Maori,StatsNZ,1000
Taranaki,60-64,Pacific Peoples,HSU,46
Taranaki,60-64,Pacific Peoples,StatsNZ,65
Taranaki,65-69,Asian,HSU,126
Taranaki,65-69,Asian,StatsNZ,150
Taranaki,65-69,European or Other,HSU,5967
Taranaki,65-69,European or Other,StatsNZ,5970
Taranaki,65-69,Maori,HSU,580
Taranaki,65-69,Maori,StatsNZ,690
Taranaki,65-69,Pacific Peoples,HSU,42
Taranaki,65-69,Pacific Peoples,StatsNZ,50
Taranaki,70-74,Asian,HSU,50
Taranaki,70-74,Asian,StatsNZ,80
Taranaki,70-74,European or Other,HSU,5402
Taranaki,70-74,European or Other,StatsNZ,5410
Taranaki,70-74,Maori,HSU,413
Taranaki,70-74,Maori,StatsNZ,470
Taranaki,70-74,Pacific Peoples,HSU,18
Taranaki,70-74,Pacific Peoples,StatsNZ,30
Taranaki,75-79,Asian,HSU,38
Taranaki,75-79,Asian,StatsNZ,50
Taranaki,75-79,European or Other,HSU,3720
Taranaki,75-79,European or Other,StatsNZ,3820
Taranaki,75-79,Maori,HSU,220
Taranaki,75-79,Maori,StatsNZ,280
Taranaki,75-79,Pacific Peoples,HSU,5
Taranaki,75-79,Pacific Peoples,StatsNZ,20
Taranaki,80-84,Asian,HSU,23
Taranaki,80-84,Asian,StatsNZ,30
Taranaki,80-84,European or Other,HSU,2536
Taranaki,80-84,European or Other,StatsNZ,2630
Taranaki,80-84,Maori,HSU,135
Taranaki,80-84,Maori,StatsNZ,180
Taranaki,80-84,Pacific Peoples,HSU,7
Taranaki,80-84,Pacific Peoples,StatsNZ,15
Taranaki,85-89,Asian,HSU,8
Taranaki,85-89,Asian,StatsNZ,20
Taranaki,85-89,European or Other,HSU,1598
Taranaki,85-89,European or Other,StatsNZ,1600
Taranaki,85-89,Maori,HSU,48
Taranaki,85-89,Maori,StatsNZ,90
Taranaki,90+,European or Other,HSU,975
Taranaki,90+,European or Other,StatsNZ,960
Taranaki,90+,Maori,HSU,11
Taranaki,90+,Maori,StatsNZ,40
Waikato,20-24,Asian,HSU,2271
Waikato,20-24,Asian,StatsNZ,3970
Waikato,20-24,European or Other,HSU,15632
Waikato,20-24,European or Other,StatsNZ,13870
Waikato,20-24,Maori,HSU,7894
Waikato,20-24,Maori,StatsNZ,8990
Waikato,20-24,Pacific Peoples,HSU,1174
Waikato,20-24,Pacific Peoples,StatsNZ,1150
Waikato,25-29,Asian,HSU,4537
Waikato,25-29,Asian,StatsNZ,5800
Waikato,25-29,European or Other,HSU,16683
Waikato,25-29,European or Other,StatsNZ,15020
Waikato,25-29,Maori,HSU,7419
Waikato,25-29,Maori,StatsNZ,8430
Waikato,25-29,Pacific Peoples,HSU,1130
Waikato,25-29,Pacific Peoples,StatsNZ,1120
Waikato,30-34,Asian,HSU,5449
Waikato,30-34,Asian,StatsNZ,6260
Waikato,30-34,European or Other,HSU,16093
Waikato,30-34,European or Other,StatsNZ,15200
Waikato,30-34,Maori,HSU,6473
Waikato,30-34,Maori,StatsNZ,7440
Waikato,30-34,Pacific Peoples,HSU,1051
Waikato,30-34,Pacific Peoples,StatsNZ,950
Waikato,35-39,Asian,HSU,4685
Waikato,35-39,Asian,StatsNZ,5260
Waikato,35-39,European or Other,HSU,14933
Waikato,35-39,European or Other,StatsNZ,15100
Waikato,35-39,Maori,HSU,5345
Waikato,35-39,Maori,StatsNZ,6020
Waikato,35-39,Pacific Peoples,HSU,1001
Waikato,35-39,Pacific Peoples,StatsNZ,870
Waikato,40-44,Asian,HSU,3249
Waikato,40-44,Asian,StatsNZ,3990
Waikato,40-44,European or Other,HSU,15247
Waikato,40-44,European or Other,StatsNZ,15240
Waikato,40-44,Maori,HSU,4932
Waikato,40-44,Maori,StatsNZ,5670
Waikato,40-44,Pacific Peoples,HSU,918
Waikato,40-44,Pacific Peoples,StatsNZ,790
Waikato,45-49,Asian,HSU,2386
Waikato,45-49,Asian,StatsNZ,2710
Waikato,45-49,European or Other,HSU,18024
Waikato,45-49,European or Other,StatsNZ,17940
Waikato,45-49,Maori,HSU,5087
Waikato,45-49,Maori,StatsNZ,5820
Waikato,45-49,Pacific Peoples,HSU,810
Waikato,45-49,Pacific Peoples,StatsNZ,800
Waikato,50-54,Asian,HSU,1907
Waikato,50-54,Asian,StatsNZ,2260
Waikato,50-54,European or Other,HSU,18536
Waikato,50-54,European or Other,StatsNZ,19150
Waikato,50-54,Maori,HSU,4669
Waikato,50-54,Maori,StatsNZ,5440
Waikato,50-54,Pacific Peoples,HSU,747
Waikato,50-54,Pacific Peoples,StatsNZ,780
Waikato,55-59,Asian,HSU,1580
Waikato,55-59,Asian,StatsNZ,1810
Waikato,55-59,European or Other,HSU,19265
Waikato,55-59,European or Other,StatsNZ,19870
Waikato,55-59,Maori,HSU,4592
Waikato,55-59,Maori,StatsNZ,5020
Waikato,55-59,Pacific Peoples,HSU,588
Waikato,55-59,Pacific Peoples,StatsNZ,600
Waikato,60-64,Asian,HSU,1455
Waikato,60-64,Asian,StatsNZ,1590
Waikato,60-64,European or Other,HSU,18587
Waikato,60-64,European or Other,StatsNZ,19450
Waikato,60-64,Maori,HSU,3561
Waikato,60-64,Maori,StatsNZ,4040
Waikato,60-64,Pacific Peoples,HSU,484
Waikato,60-64,Pacific Peoples,StatsNZ,460
Waikato,65-69,Asian,HSU,1291
Waikato,65-69,Asian,StatsNZ,1280
Waikato,65-69,European or Other,HSU,17233
Waikato,65-69,European or Other,StatsNZ,18070
Waikato,65-69,Maori,HSU,2551
Waikato,65-69,Maori,StatsNZ,2970
Waikato,65-69,Pacific Peoples,HSU,382
Waikato,65-69,Pacific Peoples,StatsNZ,380
Waikato,70-74,Asian,HSU,740
Waikato,70-74,Asian,StatsNZ,810
Waikato,70-74,European or Other,HSU,15857
Waikato,70-74,European or Other,StatsNZ,16770
Waikato,70-74,Maori,HSU,1629
Waikato,70-74,Maori,StatsNZ,1920
Waikato,70-74,Pacific Peoples,HSU,243
Waikato,70-74,Pacific Peoples,StatsNZ,250
Waikato,75-79,Asian,HSU,430
Waikato,75-79,Asian,StatsNZ,460
Waikato,75-79,European or Other,HSU,11481
Waikato,75-79,European or Other,StatsNZ,12080
Waikato,75-79,Maori,HSU,942
Waikato,75-79,Maori,StatsNZ,1110
Waikato,75-79,Pacific Peoples,HSU,185
Waikato,75-79,Pacific Peoples,StatsNZ,170
Waikato,80-84,Asian,HSU,251
Waikato,80-84,Asian,StatsNZ,280
Waikato,80-84,European or Other,HSU,7538
Waikato,80-84,European or Other,StatsNZ,8080
Waikato,80-84,Maori,HSU,494
Waikato,80-84,Maori,StatsNZ,600
Waikato,80-84,Pacific Peoples,HSU,88
Waikato,80-84,Pacific Peoples,StatsNZ,110
Waikato,85-89,Asian,HSU,128
Waikato,85-89,Asian,StatsNZ,120
Waikato,85-89,European or Other,HSU,4393
Waikato,85-89,European or Other,StatsNZ,4600
Waikato,85-89,Maori,HSU,208
Waikato,85-89,Maori,StatsNZ,300
Waikato,85-89,Pacific Peoples,HSU,33
Waikato,85-89,Pacific Peoples,StatsNZ,50
Waikato,90+,Asian,HSU,51
Waikato,90+,Asian,StatsNZ,70
Waikato,90+,European or Other,HSU,2483
Waikato,90+,European or Other,StatsNZ,2580
Waikato,90+,Maori,HSU,72
Waikato,90+,Maori,StatsNZ,80
Wairarapa,20-24,Asian,HSU,54
Wairarapa,20-24,Asian,StatsNZ,75
Wairarapa,20-24,European or Other,HSU,1499
Wairarapa,20-24,European or Other,StatsNZ,1310
Wairarapa,20-24,Maori,HSU,717
Wairarapa,20-24,Maori,StatsNZ,730
Wairarapa,20-24,Pacific Peoples,HSU,92
Wairarapa,20-24,Pacific Peoples,StatsNZ,75
Wairarapa,25-29,Asian,HSU,139
Wairarapa,25-29,Asian,StatsNZ,165
Wairarapa,25-29,European or Other,HSU,1743
Wairarapa,25-29,European or Other,StatsNZ,1620
Wairarapa,25-29,Maori,HSU,608
Wairarapa,25-29,Maori,StatsNZ,620
Wairarapa,25-29,Pacific Peoples,HSU,82
Wairarapa,25-29,Pacific Peoples,StatsNZ,85
Wairarapa,30-34,Asian,HSU,196
Wairarapa,30-34,Asian,StatsNZ,190
Wairarapa,30-34,European or Other,HSU,1789
Wairarapa,30-34,European or Other,StatsNZ,1790
Wairarapa,30-34,Maori,HSU,568
Wairarapa,30-34,Maori,StatsNZ,580
Wairarapa,30-34,Pacific Peoples,HSU,65
Wairarapa,30-34,Pacific Peoples,StatsNZ,55
Wairarapa,35-39,Asian,HSU,181
Wairarapa,35-39,Asian,StatsNZ,170
Wairarapa,35-39,European or Other,HSU,1853
Wairarapa,35-39,European or Other,StatsNZ,1880
Wairarapa,35-39,Maori,HSU,461
Wairarapa,35-39,Maori,StatsNZ,460
Wairarapa,35-39,Pacific Peoples,HSU,72
Wairarapa,35-39,Pacific Peoples,StatsNZ,70
Wairarapa,40-44,Asian,HSU,126
Wairarapa,40-44,Asian,StatsNZ,145
Wairarapa,40-44,European or Other,HSU,1952
Wairarapa,40-44,European or Other,StatsNZ,2040
Wairarapa,40-44,Maori,HSU,447
Wairarapa,40-44,Maori,StatsNZ,480
Wairarapa,40-44,Pacific Peoples,HSU,68
Wairarapa,40-44,Pacific Peoples,StatsNZ,60
Wairarapa,45-49,Asian,HSU,76
Wairarapa,45-49,Asian,StatsNZ,100
Wairarapa,45-49,European or Other,HSU,2478
Wairarapa,45-49,European or Other,StatsNZ,2520
Wairarapa,45-49,Maori,HSU,453
Wairarapa,45-49,Maori,StatsNZ,490
Wairarapa,45-49,Pacific Peoples,HSU,65
Wairarapa,45-49,Pacific Peoples,StatsNZ,60
Wairarapa,50-54,Asian,HSU,64
Wairarapa,50-54,Asian,StatsNZ,95
Wairarapa,50-54,European or Other,HSU,2707
Wairarapa,50-54,European or Other,StatsNZ,2750
Wairarapa,50-54,Maori,HSU,400
Wairarapa,50-54,Maori,StatsNZ,460
Wairarapa,50-54,Pacific Peoples,HSU,56
Wairarapa,50-54,Pacific Peoples,StatsNZ,60
Wairarapa,55-59,Asian,HSU,64
Wairarapa,55-59,Asian,StatsNZ,85
Wairarapa,55-59,European or Other,HSU,2946
Wairarapa,55-59,European or Other,StatsNZ,2980
Wairarapa,55-59,Maori,HSU,429
Wairarapa,55-59,Maori,StatsNZ,440
Wairarapa,55-59,Pacific Peoples,HSU,59
Wairarapa,55-59,Pacific Peoples,StatsNZ,60
Wairarapa,60-64,Asian,HSU,64
Wairarapa,60-64,Asian,StatsNZ,65
Wairarapa,60-64,European or Other,HSU,3043
Wairarapa,60-64,European or Other,StatsNZ,3020
Wairarapa,60-64,Maori,HSU,337
Wairarapa,60-64,Maori,StatsNZ,360
Wairarapa,60-64,Pacific Peoples,HSU,35
Wairarapa,60-64,Pacific Peoples,StatsNZ,35
Wairarapa,65-69,Asian,HSU,43
Wairarapa,65-69,Asian,StatsNZ,50
Wairarapa,65-69,European or Other,HSU,2916
Wairarapa,65-69,European or Other,StatsNZ,3040
Wairarapa,65-69,Maori,HSU,240
Wairarapa,65-69,Maori,StatsNZ,250
Wairarapa,65-69,Pacific Peoples,HSU,32
Wairarapa,65-69,Pacific Peoples,StatsNZ,40
Wairarapa,70-74,Asian,HSU,24
Wairarapa,70-74,Asian,StatsNZ,30
Wairarapa,70-74,European or Other,HSU,2768
Wairarapa,70-74,European or Other,StatsNZ,2900
Wairarapa,70-74,Maori,HSU,167
Wairarapa,70-74,Maori,StatsNZ,190
Wairarapa,70-74,Pacific Peoples,HSU,25
Wairarapa,70-74,Pacific Peoples,StatsNZ,20
Wairarapa,75-79,Asian,HSU,17
Wairarapa,75-79,Asian,StatsNZ,15
Wairarapa,75-79,European or Other,HSU,1844
Wairarapa,75-79,European or Other,StatsNZ,1960
Wairarapa,75-79,Maori,HSU,104
Wairarapa,75-79,Maori,StatsNZ,100
Wairarapa,75-79,Pacific Peoples,HSU,5
Wairarapa,75-79,Pacific Peoples,StatsNZ,10
Wairarapa,80-84,European or Other,HSU,1176
Wairarapa,80-84,European or Other,StatsNZ,1290
Wairarapa,80-84,Maori,HSU,49
Wairarapa,80-84,Maori,StatsNZ,70
Wairarapa,80-84,Pacific Peoples,HSU,5
Wairarapa,80-84,Pacific Peoples,StatsNZ,5
Wairarapa,85-89,European or Other,HSU,668
Wairarapa,85-89,European or Other,StatsNZ,690
Wairarapa,85-89,Maori,HSU,27
Wairarapa,85-89,Maori,StatsNZ,40
Wairarapa,90+,European or Other,HSU,407
Wairarapa,90+,European or Other,StatsNZ,390
Wairarapa,90+,Maori,HSU,10
Wairarapa,90+,Maori,StatsNZ,20
West Coast,20-24,Asian,HSU,42
West Coast,20-24,Asian,StatsNZ,70
West Coast,20-24,European or Other,HSU,1046
West Coast,20-24,European or Other,StatsNZ,1080
West Coast,20-24,Maori,HSU,250
West Coast,20-24,Maori,StatsNZ,220
West Coast,20-24,Pacific Peoples,HSU,22
West Coast,20-24,Pacific Peoples,StatsNZ,20
West Coast,25-29,Asian,HSU,140
West Coast,25-29,Asian,StatsNZ,135
West Coast,25-29,European or Other,HSU,1384
West Coast,25-29,European or Other,StatsNZ,1390
West Coast,25-29,Maori,HSU,285
West Coast,25-29,Maori,StatsNZ,310
West Coast,25-29,Pacific Peoples,HSU,20
West Coast,25-29,Pacific Peoples,StatsNZ,40
West Coast,30-34,Asian,HSU,165
West Coast,30-34,Asian,StatsNZ,205
West Coast,30-34,European or Other,HSU,1373
West Coast,30-34,European or Other,StatsNZ,1440
West Coast,30-34,Maori,HSU,228
West Coast,30-34,Maori,StatsNZ,260
West Coast,30-34,Pacific Peoples,HSU,33
West Coast,30-34,Pacific Peoples,StatsNZ,35
West Coast,35-39,Asian,HSU,128
West Coast,35-39,Asian,StatsNZ,155
West Coast,35-39,European or Other,HSU,1369
West Coast,35-39,European or Other,StatsNZ,1300
West Coast,35-39,Maori,HSU,173
West Coast,35-39,Maori,StatsNZ,200
West Coast,35-39,Pacific Peoples,HSU,27
West Coast,35-39,Pacific Peoples,StatsNZ,25
West Coast,40-44,Asian,HSU,94
West Coast,40-44,Asian,StatsNZ,105
West Coast,40-44,European or Other,HSU,1345
West Coast,40-44,European or Other,StatsNZ,1320
West Coast,40-44,Maori,HSU,179
West Coast,40-44,Maori,StatsNZ,200
West Coast,40-44,Pacific Peoples,HSU,29
West Coast,40-44,Pacific Peoples,StatsNZ,20
West Coast,45-49,Asian,HSU,76
West Coast,45-49,Asian,StatsNZ,70
West Coast,45-49,European or Other,HSU,1803
West Coast,45-49,European or Other,StatsNZ,1710
West Coast,45-49,Maori,HSU,208
West Coast,45-49,Maori,StatsNZ,210
West Coast,45-49,Pacific Peoples,HSU,32
West Coast,45-49,Pacific Peoples,StatsNZ,35
West Coast,50-54,Asian,HSU,43
West Coast,50-54,Asian,StatsNZ,60
West Coast,50-54,European or Other,HSU,2126
West Coast,50-54,European or Other,StatsNZ,2030
West Coast,50-54,Maori,HSU,219
West Coast,50-54,Maori,StatsNZ,250
West Coast,50-54,Pacific Peoples,HSU,25
West Coast,50-54,Pacific Peoples,StatsNZ,25
West Coast,55-59,Asian,HSU,44
West Coast,55-59,Asian,StatsNZ,45
West Coast,55-59,European or Other,HSU,2536
West Coast,55-59,European or Other,StatsNZ,2380
West Coast,55-59,Maori,HSU,254
West Coast,55-59,Maori,StatsNZ,300
West Coast,55-59,Pacific Peoples,HSU,7
West Coast,55-59,Pacific Peoples,StatsNZ,20
West Coast,60-64,Asian,HSU,35
West Coast,60-64,Asian,StatsNZ,50
West Coast,60-64,European or Other,HSU,2380
West Coast,60-64,European or Other,StatsNZ,2380
West Coast,60-64,Maori,HSU,189
West Coast,60-64,Maori,StatsNZ,220
West Coast,65-69,Asian,HSU,9
West Coast,65-69,Asian,StatsNZ,15
West Coast,65-69,European or Other,HSU,2147
West Coast,65-69,European or Other,StatsNZ,2140
West Coast,65-69,Maori,HSU,112
West Coast,65-69,Maori,StatsNZ,140
West Coast,65-69,Pacific Peoples,HSU,5
West Coast,65-69,Pacific Peoples,StatsNZ,15
West Coast,70-74,European or Other,HSU,1827
West Coast,70-74,European or Other,StatsNZ,1840
West Coast,70-74,Maori,HSU,75
West Coast,70-74,Maori,StatsNZ,100
West Coast,75-79,European or Other,HSU,1157
West Coast,75-79,European or Other,StatsNZ,1210
West Coast,75-79,Maori,HSU,49
West Coast,75-79,Maori,StatsNZ,60
West Coast,80-84,European or Other,HSU,715
West Coast,80-84,European or Other,StatsNZ,780
West Coast,80-84,Maori,HSU,29
West Coast,80-84,Maori,StatsNZ,30
West Coast,85-89,European or Other,HSU,383
West Coast,85-89,European or Other,StatsNZ,380
West Coast,85-89,Maori,HSU,11
West Coast,85-89,Maori,StatsNZ,20
West Coast,90+,European or Other,HSU,190
West Coast,90+,European or Other,StatsNZ,200
Whanganui,20-24,Asian,HSU,117
Whanganui,20-24,Asian,StatsNZ,160
Whanganui,20-24,European or Other,HSU,2066
Whanganui,20-24,European or Other,StatsNZ,1730
Whanganui,20-24,Maori,HSU,1380
Whanganui,20-24,Maori,StatsNZ,1450
Whanganui,20-24,Pacific Peoples,HSU,144
Whanganui,20-24,Pacific Peoples,StatsNZ,130
Whanganui,25-29,Asian,HSU,229
Whanganui,25-29,Asian,StatsNZ,250
Whanganui,25-29,European or Other,HSU,2361
Whanganui,25-29,European or Other,StatsNZ,2100
Whanganui,25-29,Maori,HSU,1304
Whanganui,25-29,Maori,StatsNZ,1450
Whanganui,25-29,Pacific Peoples,HSU,159
Whanganui,25-29,Pacific Peoples,StatsNZ,160
Whanganui,30-34,Asian,HSU,269
Whanganui,30-34,Asian,StatsNZ,320
Whanganui,30-34,European or Other,HSU,2431
Whanganui,30-34,European or Other,StatsNZ,2410
Whanganui,30-34,Maori,HSU,1202
Whanganui,30-34,Maori,StatsNZ,1310
Whanganui,30-34,Pacific Peoples,HSU,151
Whanganui,30-34,Pacific Peoples,StatsNZ,160
Whanganui,35-39,Asian,HSU,257
Whanganui,35-39,Asian,StatsNZ,290
Whanganui,35-39,European or Other,HSU,2210
Whanganui,35-39,European or Other,StatsNZ,2180
Whanganui,35-39,Maori,HSU,952
Whanganui,35-39,Maori,StatsNZ,1060
Whanganui,35-39,Pacific Peoples,HSU,122
Whanganui,35-39,Pacific Peoples,StatsNZ,120
Whanganui,40-44,Asian,HSU,171
Whanganui,40-44,Asian,StatsNZ,190
Whanganui,40-44,European or Other,HSU,2266
Whanganui,40-44,European or Other,StatsNZ,2190
Whanganui,40-44,Maori,HSU,928
Whanganui,40-44,Maori,StatsNZ,1010
Whanganui,40-44,Pacific Peoples,HSU,116
Whanganui,40-44,Pacific Peoples,StatsNZ,130
Whanganui,45-49,Asian,HSU,149
Whanganui,45-49,Asian,StatsNZ,180
Whanganui,45-49,European or Other,HSU,2814
Whanganui,45-49,European or Other,StatsNZ,2830
Whanganui,45-49,Maori,HSU,979
Whanganui,45-49,Maori,StatsNZ,1040
Whanganui,45-49,Pacific Peoples,HSU,94
Whanganui,45-49,Pacific Peoples,StatsNZ,110
Whanganui,50-54,Asian,HSU,115
Whanganui,50-54,Asian,StatsNZ,150
Whanganui,50-54,European or Other,HSU,3172
Whanganui,50-54,European or Other,StatsNZ,3160
Whanganui,50-54,Maori,HSU,990
Whanganui,50-54,Maori,StatsNZ,1080
Whanganui,50-54,Pacific Peoples,HSU,94
Whanganui,50-54,Pacific Peoples,StatsNZ,90
Whanganui,55-59,Asian,HSU,121
Whanganui,55-59,Asian,StatsNZ,150
Whanganui,55-59,European or Other,HSU,3675
Whanganui,55-59,European or Other,StatsNZ,3590
Whanganui,55-59,Maori,HSU,982
Whanganui,55-59,Maori,StatsNZ,1070
Whanganui,55-59,Pacific Peoples,HSU,85
Whanganui,55-59,Pacific Peoples,StatsNZ,80
Whanganui,60-64,Asian,HSU,82
Whanganui,60-64,Asian,StatsNZ,100
Whanganui,60-64,European or Other,HSU,3685
Whanganui,60-64,European or Other,StatsNZ,3760
Whanganui,60-64,Maori,HSU,743
Whanganui,60-64,Maori,StatsNZ,810
Whanganui,60-64,Pacific Peoples,HSU,63
Whanganui,60-64,Pacific Peoples,StatsNZ,80
Whanganui,65-69,Asian,HSU,53
Whanganui,65-69,Asian,StatsNZ,70
Whanganui,65-69,European or Other,HSU,3426
Whanganui,65-69,European or Other,StatsNZ,3520
Whanganui,65-69,Maori,HSU,613
Whanganui,65-69,Maori,StatsNZ,640
Whanganui,65-69,Pacific Peoples,HSU,48
Whanganui,65-69,Pacific Peoples,StatsNZ,50
Whanganui,70-74,Asian,HSU,37
Whanganui,70-74,Asian,StatsNZ,50
Whanganui,70-74,European or Other,HSU,3180
Whanganui,70-74,European or Other,StatsNZ,3260
Whanganui,70-74,Maori,HSU,414
Whanganui,70-74,Maori,StatsNZ,470
Whanganui,70-74,Pacific Peoples,HSU,30
Whanganui,70-74,Pacific Peoples,StatsNZ,40
Whanganui,75-79,Asian,HSU,27
Whanganui,75-79,Asian,StatsNZ,40
Whanganui,75-79,European or Other,HSU,2196
Whanganui,75-79,European or Other,StatsNZ,2290
Whanganui,75-79,Maori,HSU,215
Whanganui,75-79,Maori,StatsNZ,250
Whanganui,75-79,Pacific Peoples,HSU,11
Whanganui,75-79,Pacific Peoples,StatsNZ,20
Whanganui,80-84,Asian,HSU,17
Whanganui,80-84,Asian,StatsNZ,20
Whanganui,80-84,European or Other,HSU,1577
Whanganui,80-84,European or Other,StatsNZ,1640
Whanganui,80-84,Maori,HSU,134
Whanganui,80-84,Maori,StatsNZ,140
Whanganui,85-89,European or Other,HSU,880
Whanganui,85-89,European or Other,StatsNZ,870
Whanganui,85-89,Maori,HSU,56
Whanganui,85-89,Maori,StatsNZ,60
Whanganui,90+,European or Other,HSU,535
Whanganui,90+,European or Other,StatsNZ,540
Whanganui,90+,Maori,HSU,17
Whanganui,90+,Maori,StatsNZ,20
